title;price;url_listing;location;posting_date
PUMA BASKET White;Rp 135.000;/item/puma-basket-white-iid-916653964;Citayam, Depok Kota;Hari ini
Sepatu Futsal Puma Ultra 4.1 IT Size 43;Rp 230.000;/item/sepatu-futsal-puma-ultra-41-it-size-43-iid-921516128;Kelapa Dua, Tangerang Kab.;Hari ini
Puma Smash V2 White Black;Rp 800.000;/item/puma-smash-v2-white-black-iid-925497255;Bekasi Selatan, Bekasi Kota;Hari ini
sepatu futsal puma future 19,3 netfit it;Rp 300.000;/item/sepatu-futsal-puma-future-193-netfit-it-iid-918731388;Bojongloa Kaler, Bandung Kota;Hari ini
Puma Men's Caracal Sneaker 37030412;Rp 600.000;/item/puma-mens-caracal-sneaker-37030412-iid-922628843;Kebon Jeruk, Jakarta Barat;Hari ini
Puma Suede Classic 35263464;Rp 600.000;/item/puma-suede-classic-35263464-iid-922627557;Kebon Jeruk, Jakarta Barat;Hari ini
Sepatu Sneakers Pria Puma Shuffle Mid Black Gray Gold Size 43 Original;Rp 750.000;/item/sepatu-sneakers-pria-puma-shuffle-mid-black-gray-gold-size-43-original-iid-922424969;Parung Kuda, Sukabumi Kab.;Hari ini
Sepatu Lari Running Puma Deviate Nitro 2 (size 38 / 24cm);Rp 1.300.000;/item/sepatu-lari-running-puma-deviate-nitro-2-size-38-24cm-iid-925482462;Bogor Kota, Jawa Barat;Hari ini
Sepatu PUMA gold series;Rp 250.000;/item/sepatu-puma-gold-series-iid-925479747;Grogol Petamburan, Jakarta Barat;Hari ini
Puma Suede Classic XXI;Rp 800.000;/item/puma-suede-classic-xxi-iid-925478452;Cipondoh, Tangerang Kota;Hari ini
Sepatu Bola Puma Future 7 Play TT;Rp 500.000;/item/sepatu-bola-puma-future-7-play-tt-iid-924164856;Medan Barat, Medan Kota;Hari ini
sepatu futsal puma truco III;Rp 400.000;/item/sepatu-futsal-puma-truco-iii-iid-925477426;Pesanggrahan, Jakarta Selatan;Hari ini
sepatu futsal puma truco III;Rp 400.000;/item/sepatu-futsal-puma-truco-iii-iid-925477298;Pesanggrahan, Jakarta Selatan;Hari ini
Sepatu anak merk puma;Rp 100.000;/item/sepatu-anak-merk-puma-iid-918116439;Mlati, Sleman Kab.;Hari ini
Sepatu futsal puma future;Rp 300.000;/item/sepatu-futsal-puma-future-iid-925475254;Depok, Sleman Kab.;Hari ini
Sepatu import Puma size 39 mulus;Rp 200.000;/item/sepatu-import-puma-size-39-mulus-iid-925471532;Bekasi Utara, Bekasi Kota;Hari ini
Puma RS-X Bold women;Rp 250.000;/item/puma-rs-x-bold-women-iid-924203407;Pancoran Mas, Depok Kota;Hari ini
Sepatu futsal Puma Future;Rp 500.000;/item/sepatu-futsal-puma-future-iid-925466607;Cilandak, Jakarta Selatan;Hari ini
Puma miragesport flanel;Rp 600.000;/item/puma-miragesport-flanel-iid-924073502;Rawalumbu, Bekasi Kota;Hari ini
Sepatu Puma Ori series BMW;Rp 600.000;/item/sepatu-puma-ori-series-bmw-iid-925464329;Panakkukang, Makassar Kota;Hari ini
Puma Slipstream Ori Size 43 (28cm);Rp 700.000;/item/puma-slipstream-ori-size-43-28cm-iid-925463958;Kebayoran Lama, Jakarta Selatan;Hari ini
PUMA Style Rider Ride On;Rp 449.900;/item/puma-style-rider-ride-on-iid-917250589;Pagedangan, Tangerang Kab.;Hari ini
Sneakers Puma Future Rider;Rp 1.000.000;/item/sneakers-puma-future-rider-iid-924158428;HR Muhammad, Surabaya Kota;Hari ini
PUMA RS-D Super Mario Galaxy Lace-Up Black Synthetic;Rp 1.500.000;/item/puma-rs-d-super-mario-galaxy-lace-up-black-synthetic-iid-922828536;Lembang, Bandung Barat Kab.;Hari ini
sepatu puma x rip ndi;Rp 1.500.000;/item/sepatu-puma-x-rip-ndi-iid-919585181;Ciputat Timur, Tangerang Selatan Kota;Hari ini
Sepatu Second Puma;Rp 550.000;/item/sepatu-second-puma-iid-925459005;Kalidoni, Palembang Kota;Hari ini
Puma need for speed heat;Rp 1.000.000;/item/puma-need-for-speed-heat-iid-923768528;Sukaraja, Bogor Kab.;Kemarin
Like new .authentic sepatu .sneakers puma BMW size 42;Rp 1.300.000;/item/like-new-authentic-sepatu-sneakers-puma-bmw-size-42-iid-901667608;Kebayoran Lama, Jakarta Selatan;Kemarin
Sepatu Puma Original;Rp 800.000;/item/sepatu-puma-original-iid-917076383;Kedungkandang, Malang Kota;Kemarin
Sepatu casual puma bmw motosport;Rp 750.000;/item/sepatu-casual-puma-bmw-motosport-iid-925451183;Setia Budi, Jakarta Selatan;Kemarin
Sepatu Bola PUMA ULTRA PLAY FG/AG;Rp 700.000;/item/sepatu-bola-puma-ultra-play-fgag-iid-925449381;Cibinong, Bogor Kab.;Kemarin
Sepatu Futsal Pria Puma Ultra Play It Biru Original size 42.5;Rp 400.000;/item/sepatu-futsal-pria-puma-ultra-play-it-biru-original-size-425-iid-925448329;Rancasari, Bandung Kota;Kemarin
PUMA sport Shoes;Rp 499.000;/item/puma-sport-shoes-iid-923585967;Ciracas, Jakarta Timur;Kemarin
SEPATU PUMA ELMO EDITION;Rp 150.000;/item/sepatu-puma-elmo-edition-iid-921336867;Duren Sawit, Jakarta Timur;Kemarin
Sepatu puma future z;Rp 700.000;/item/sepatu-puma-future-z-iid-922662968;Baleendah, Bandung Kab.;Kemarin
Sepatu/sneakers Puma putih (wanita);Rp 129.000;/item/sepatusneakers-puma-putih-wanita-iid-925438522;Cakung, Jakarta Timur;Kemarin
Puma Smash v2 L White Size 43 New Original;Rp 450.000;/item/puma-smash-v2-l-white-size-43-new-original-iid-925436751;Sumur Bandung, Bandung Kota;Kemarin
Puma size EUR 36, 22,5 CM , bahan suede mix kulit;Rp 650.000;/item/puma-size-eur-36-225-cm-bahan-suede-mix-kulit-iid-912482290;Jagakarsa, Jakarta Selatan;Kemarin
Sepatu Putih Puma;Rp 200.000;/item/sepatu-putih-puma-iid-923517532;Bogor Barat - Kota, Bogor Kota;Kemarin
Sepatu Puma Baru,Size 43;Rp 1.000.000;/item/sepatu-puma-barusize-43-iid-918777041;Pulo Gadung, Jakarta Timur;Kemarin
Sepatu puma baru sekali pakai unisex;Rp 999.999;/item/sepatu-puma-baru-sekali-pakai-unisex-iid-924033510;Pesanggrahan, Jakarta Selatan;Kemarin
Puma x Ferrari Shoes;Rp 1.100.000;/item/puma-x-ferrari-shoes-iid-922794780;Sawangan, Depok Kota;Kemarin
Puma low full black;Rp 285.000;/item/puma-low-full-black-iid-925426804;Kiaracondong, Bandung Kota;Kemarin
Sepatu puma suede 43 ori;Rp 600.000;/item/sepatu-puma-suede-43-ori-iid-922554184;Jagakarsa, Jakarta Selatan;Kemarin
PUMA SHOES VIKKY RIBBON, PUMA BLACK RUNNING;Rp 320.000;/item/puma-shoes-vikky-ribbon-puma-black-running-iid-885448238;Cikarang Utara, Bekasi Kab.;Kemarin
Puma Rebound Joy Low Trainers;Rp 600.000;/item/puma-rebound-joy-low-trainers-iid-925421081;Banyumanik, Semarang Kota;Kemarin
Puma Mayze Stack Cord Wns Sneaker;Rp 1.000.000;/item/puma-mayze-stack-cord-wns-sneaker-iid-922361692;Kenjeran, Surabaya Kota;Kemarin
Sepatu basket puma clyde all pro melo us11 vnds;Rp 1.200.000;/item/sepatu-basket-puma-clyde-all-pro-melo-us11-vnds-iid-922747184;Cipondoh, Tangerang Kota;Kemarin
Sepatu PUMA BASKET PLATFORM SCALLOP;Rp 212.000;/item/sepatu-puma-basket-platform-scallop-iid-922801010;Kemuning, Palembang Kota;2 hari yang lalu
Adidas Munchen dan puma;Rp 250.000;/item/adidas-munchen-dan-puma-iid-925413503;Pasar Kemis, Tangerang Kab.;2 hari yang lalu
Sepatu puma tr22 soft foam original;Rp 700.000;/item/sepatu-puma-tr22-soft-foam-original-iid-818736137;Buahbatu (Margacinta), Bandung Kota;3 hari yang lalu
Sneakers Puma Caven;Rp 650.000;/item/sneakers-puma-caven-iid-916685799;Ciputat Timur, Tangerang Selatan Kota;3 hari yang lalu
Puma mens size 42.5;Rp 450.000;/item/puma-mens-size-425-iid-923794242;Tebet, Jakarta Selatan;3 hari yang lalu
SEPATU ANAK / SEPATU NEW BALANCE PUMA ADIDAS ANAK;Rp 150.000;/item/sepatu-anak-sepatu-new-balance-puma-adidas-anak-iid-925401951;Bojongsoang, Bandung Kab.;3 hari yang lalu
sepatu puma trinomic;Rp 100.000;/item/sepatu-puma-trinomic-iid-923627841;Pamulang, Tangerang Selatan Kota;3 hari yang lalu
Puma RS-X³ PUZZLE;Rp 500.000;/item/puma-rs-x-puzzle-iid-925398711;Klojen, Malang Kota;3 hari yang lalu
Puma Thunder Original Size 43;Rp 600.000;/item/puma-thunder-original-size-43-iid-925398226;Ilir Barat II, Palembang Kota;3 hari yang lalu
Sepatu puma Fast-Trac NITRO Men's Trail Running Shoes;Rp 1.100.000;/item/sepatu-puma-fast-trac-nitro-mens-trail-running-shoes-iid-922637895;Kartasura, Sukoharjo Kab.;3 hari yang lalu
Puma thunder spectra;Rp 600.000;/item/puma-thunder-spectra-iid-925388777;Bukit Kecil, Palembang Kota;3 hari yang lalu
Sepatu Puma Eco Ortholite;Rp 250.000;/item/sepatu-puma-eco-ortholite-iid-925388712;Cakung, Jakarta Timur;3 hari yang lalu
Puma Amare Softfoam;Rp 500.000;/item/puma-amare-softfoam-iid-925385270;Matraman, Jakarta Timur;3 hari yang lalu
Puma x The Murfs sz 43 Original;Rp 550.000;/item/puma-x-the-murfs-sz-43-original-iid-925381288;Pancoran, Jakarta Selatan;3 hari yang lalu
Sepatu PUMA warna putih plat hitam kulit asli No.42;Rp 230.000;/item/sepatu-puma-warna-putih-plat-hitam-kulit-asli-no42-iid-908664950;Bogor Tengah - Kota, Bogor Kota;3 hari yang lalu
sepatu puma suede;Rp 350.000;/item/sepatu-puma-suede-iid-925377463;Karangmojo, Gunung Kidul Kab.;3 hari yang lalu
Sepatu ori Puma Basket;Rp 400.000;/item/sepatu-ori-puma-basket-iid-925374940;Antapani (Cicadas), Bandung Kota;3 hari yang lalu
Puma Flyer Runner Femme Women's Black Lotus Size 38 New Ori Murah Nego;Rp 399.000;/item/puma-flyer-runner-femme-womens-black-lotus-size-38-new-ori-murah-nego-iid-910727837;Prambanan, Sleman Kab.;3 hari yang lalu
Puma Ralph Samson MID;Rp 575.000;/item/puma-ralph-samson-mid-iid-923700994;Bumi Serpong Damai, Tangerang Selatan Kota;4 hari yang lalu
Sepatu puma RED Ferrari like new murah;Rp 650.000;/item/sepatu-puma-red-ferrari-like-new-murah-iid-924001312;Tambora, Jakarta Barat;4 hari yang lalu
Sepatu Puma Suede size 42 kondisi 90% - Nego;Rp 200.000;/item/sepatu-puma-suede-size-42-kondisi-90-nego-iid-925357779;Bojongsoang, Bandung Kab.;4 hari yang lalu
Sepatu lari/running Puma Profoam size 42,5 Kondisi 95% - Nego;Rp 450.000;/item/sepatu-larirunning-puma-profoam-size-425-kondisi-95-nego-iid-925357621;Bojongsoang, Bandung Kab.;4 hari yang lalu
Sepatu puma suede size 39;Rp 160.000;/item/sepatu-puma-suede-size-39-iid-925349676;Makasar, Jakarta Timur;4 hari yang lalu
Puma colabs Ralph Sampson Original size 43;Rp 450.000;/item/puma-colabs-ralph-sampson-original-size-43-iid-922120597;Kelapa Gading, Jakarta Utara;4 hari yang lalu
Sepatu Puma ori;Rp 250.000;/item/sepatu-puma-ori-iid-921302278;Purwakarta, Purwakarta Kab.;4 hari yang lalu
Puma high breaker black sz43/28;Rp 450.000;/item/puma-high-breaker-black-sz4328-iid-925340604;Pamulang, Tangerang Selatan Kota;4 hari yang lalu
Sepatu Puma Blue Navy;Rp 295.000;/item/sepatu-puma-blue-navy-iid-912645299;Duren Sawit, Jakarta Timur;4 hari yang lalu
Puma Suede Red Size 42.5;Rp 680.000;/item/puma-suede-red-size-425-iid-912739707;Jagakarsa, Jakarta Selatan;5 hari yang lalu
Sepatu bekas SportLifeStyle PUMA FERRARI Original;Rp 498.000;/item/sepatu-bekas-sportlifestyle-puma-ferrari-original-iid-900004351;Penjaringan, Jakarta Utara;5 hari yang lalu
Sepatu Bola Puma Ultra;Rp 450.000;/item/sepatu-bola-puma-ultra-iid-916391762;Kemayoran, Jakarta Pusat;5 hari yang lalu
Sepatu Second Original / Puma Cabana Racer II;Rp 300.000;/item/sepatu-second-original-puma-cabana-racer-ii-iid-924030653;Depok Kota, Jawa Barat;5 hari yang lalu
Sepatu casual puma ferrari original resmi;Rp 599.000;/item/sepatu-casual-puma-ferrari-original-resmi-iid-922101171;Bekasi Barat, Bekasi Kota;5 hari yang lalu
Puma future street original;Rp 550.000;/item/puma-future-street-original-iid-922101404;Duren Sawit, Jakarta Timur;5 hari yang lalu
Sepatu Puma Ferrari Kart Cat III Roso Corsa;Rp 720.000;/item/sepatu-puma-ferrari-kart-cat-iii-roso-corsa-iid-872959769;Balongbendo, Sidoarjo  Kab.;5 hari yang lalu
Sepatu bola mini soccer PUMA ULTRA MATCH BLACK size 41;Rp 700.000;/item/sepatu-bola-mini-soccer-puma-ultra-match-black-size-41-iid-913122614;Larangan, Tangerang Kota;5 hari yang lalu
Sepatu Puma dan Under Armour;Rp 450.000;/item/sepatu-puma-dan-under-armour-iid-910744397;Duren Sawit, Jakarta Timur;5 hari yang lalu
Puma Casual High;Rp 280.000;/item/puma-casual-high-iid-925321183;Tebet, Jakarta Selatan;5 hari yang lalu
Puma kets Shoes size 43;Rp 800.000;/item/puma-kets-shoes-size-43-iid-910680766;Waru, Sidoarjo  Kab.;5 hari yang lalu
PUMA sepatu SultanbInternasional  Prelove  Branded  Size 40/25 .5Cm/;Rp 265.000;/item/puma-sepatu-sultanbinternasional-prelove-branded-size-4025-5cm-iid-925318740;Rawalumbu, Bekasi Kota;5 hari yang lalu
Sepatu sandal anak, PUMA Aquacat (biru kuning) size 19;Rp 135.000;/item/sepatu-sandal-anak-puma-aquacat-biru-kuning-size-19-iid-914431266;Limo, Depok Kota;5 hari yang lalu
PUMA ORIGINAL SEPATU ANAK CEWEK ORIGINAL PUMA;Rp 200.000;/item/puma-original-sepatu-anak-cewek-original-puma-iid-925316784;Rancaekek, Bandung Kab.;5 hari yang lalu
puma platform trace peacout suede;Rp 250.000;/item/puma-platform-trace-peacout-suede-iid-925316373;Sumur Bandung, Bandung Kota;5 hari yang lalu
Sepatu Puma Suede secondbrand;Rp 290.000;/item/sepatu-puma-suede-secondbrand-iid-925316153;Coblong, Bandung Kota;5 hari yang lalu
PUMA ULTRA MATCH IT - SIZE 40 EUR (SEPATU FUTSAL);Rp 440.000;/item/puma-ultra-match-it-size-40-eur-sepatu-futsal-iid-925313356;Bojongloa Kidul, Bandung Kota;5 hari yang lalu
Puma x xlarge size 42/270;Rp 170.000;/item/puma-x-xlarge-size-42270-iid-925312303;Sukajadi, Bandung Kota;5 hari yang lalu
Sepatu Puma Jogging Sneackers;Rp 325.000;/item/sepatu-puma-jogging-sneackers-iid-925311908;Kejaksan, Cirebon Kota;5 hari yang lalu
Sepatu running puma;Rp 500.000;/item/sepatu-running-puma-iid-904688501;Lengkong, Bandung Kota;5 hari yang lalu
Puma Running Shoes Wanita Sepatu Lari Original Murah;Rp 750.000;/item/puma-running-shoes-wanita-sepatu-lari-original-murah-iid-925306032;Bandung Kulon, Bandung Kota;5 hari yang lalu
puma collab sankuanz;Rp 350.000;/item/puma-collab-sankuanz-iid-925304315;Sumur Bandung, Bandung Kota;5 hari yang lalu
Sepatu Running Puma Flyer Runner Original;Rp 550.000;/item/sepatu-running-puma-flyer-runner-original-iid-923834190;Margaasih, Bandung Kab.;5 hari yang lalu
Outsole sepatu futsal turf Puma;Rp 45.000;/item/outsole-sepatu-futsal-turf-puma-iid-922084047;Sawahan, Surabaya Kota;5 hari yang lalu
Puma Prime Future Rider Play On BNIB;Rp 699.999;/item/puma-prime-future-rider-play-on-bnib-iid-862532484;Pamulang, Tangerang Selatan Kota;5 hari yang lalu
Jual sepatu PUMA High Cewek;Rp 135.000;/item/jual-sepatu-puma-high-cewek-iid-925294707;Jambangan, Surabaya Kota;5 hari yang lalu
Sepatu Lari Puma Velocity Nitro 2 run;Rp 650.000;/item/sepatu-lari-puma-velocity-nitro-2-run-iid-925293719;Kejaksan, Cirebon Kota;5 hari yang lalu
Puma Roma Leather Pink;Rp 200.000;/item/puma-roma-leather-pink-iid-914811590;Penjaringan, Jakarta Utara;5 hari yang lalu
Sepatu puma suede 43 ori;Rp 600.000;/item/sepatu-puma-suede-43-ori-iid-925292560;Pancoran Mas, Depok Kota;5 hari yang lalu
Sepatu Futsal Puma Future Orange Hitam;Rp 500.000;/item/sepatu-futsal-puma-future-orange-hitam-iid-925292183;Denpasar Selatan, Denpasar Kota;5 hari yang lalu
Sepatu Puma Ungu Ladies;Rp 250.000;/item/sepatu-puma-ungu-ladies-iid-917179853;Duren Sawit, Jakarta Timur;5 hari yang lalu
Sepatu Running Puma Deviate Nitro Elite 2;Rp 1.600.000;/item/sepatu-running-puma-deviate-nitro-elite-2-iid-925285232;Bekasi Barat, Bekasi Kota;5 hari yang lalu
Puma Disc Rebirth Porsche Design Original 100% Baru Size 43 (28 cm);Rp 1.250.000;/item/puma-disc-rebirth-porsche-design-original-100-baru-size-43-28-cm-iid-918412394;Sako, Palembang Kota;5 hari yang lalu
Sepatu Puma Tsugi Blaze Black White;Rp 250.000;/item/sepatu-puma-tsugi-blaze-black-white-iid-922652084;Margahayu, Bandung Kab.;5 hari yang lalu
Jual sepatu Puma Cell Kilter Athletic Sneakers Shoes original;Rp 200.000;/item/jual-sepatu-puma-cell-kilter-athletic-sneakers-shoes-original-iid-917404637;Karawaci, Tangerang Kota;5 hari yang lalu
Sepatu Puma natural harga 450;Rp 450.000;/item/sepatu-puma-natural-harga-450-iid-914315252;Pamulang, Tangerang Selatan Kota;5 hari yang lalu
Sepatu Bola Puma Future Ulimate FG/AG;Rp 1.500.000;/item/sepatu-bola-puma-future-ulimate-fgag-iid-921551008;Bojongloa Kaler, Bandung Kota;6 hari yang lalu
Puma Dexter’s labatory Mb.03 Sepatu;Rp 900.000;/item/puma-dexters-labatory-mb03-sepatu-iid-923479644;Pantai Indah Kapuk, Jakarta Utara;6 hari yang lalu
Puma select les benjamins;Rp 799.999;/item/puma-select-les-benjamins-iid-882228335;Cimanggis, Depok Kota;6 hari yang lalu
Puma 42,5 original;Rp 370.000;/item/puma-425-original-iid-925275273;Bekasi Barat, Bekasi Kota;6 hari yang lalu
Sepatu bola puma KING elite;Rp 1.250.000;/item/sepatu-bola-puma-king-elite-iid-925269441;Bogor Tengah - Kota, Bogor Kota;6 hari yang lalu
Dijual Sepatu Bola Puma Future Ultimate FG (Baru);Rp 1.450.000;/item/dijual-sepatu-bola-puma-future-ultimate-fg-baru-iid-925267424;Kramat Jati, Jakarta Timur;6 hari yang lalu
Sepatu Puma Warna Hitam;Rp 129.900;/item/sepatu-puma-warna-hitam-iid-896244141;Limo, Depok Kota;6 hari yang lalu
Puma TRC BLAZE Peach Size 43;Rp 650.000;/item/puma-trc-blaze-peach-size-43-iid-914960668;Pancoran, Jakarta Selatan;6 hari yang lalu
PUMA RALPH SAMPSON SNEAKERS PUTIH ORI;Rp 700.000;/item/puma-ralph-sampson-sneakers-putih-ori-iid-922617831;Tegalrejo, Yogyakarta Kota;6 hari yang lalu
sepatu Puma Ignite;Rp 250.000;/item/sepatu-puma-ignite-iid-916971301;Kramat Jati, Jakarta Timur;6 hari yang lalu
Sepatu puma TRINOMIC original slip on size 43;Rp 250.000;/item/sepatu-puma-trinomic-original-slip-on-size-43-iid-920830333;Cibodas, Tangerang Kota;6 hari yang lalu
SEPATU PUMA FULLBLACK ORIGINAL;Rp 310.000;/item/sepatu-puma-fullblack-original-iid-925260763;Sukarame, Bandar Lampung Kota;6 hari yang lalu
Sepatu Puma Sparco;Rp 300.000;/item/sepatu-puma-sparco-iid-921215024;Bekasi Barat, Bekasi Kota;6 hari yang lalu
Sepatu Puma smash v2 L white amazone green 365215-36;Rp 700.000;/item/sepatu-puma-smash-v2-l-white-amazone-green-365215-36-iid-922617200;Cilandak, Jakarta Selatan;6 hari yang lalu
SEPATU BOLA NIKE PHANTOM GX ACADEMY PUMA FUTURE MATCH;Rp 500.000;/item/sepatu-bola-nike-phantom-gx-academy-puma-future-match-iid-925257195;Pasar Minggu, Jakarta Selatan;6 hari yang lalu
PUMA.   No. 38.   Ori;Rp 350.000;/item/puma-no-38-ori-iid-922897178;Semampir, Surabaya Kota;6 hari yang lalu
Puma Slipstream Lo;Rp 1.500.000;/item/puma-slipstream-lo-iid-919107923;Duren Sawit, Jakarta Timur;6 hari yang lalu
Puma Rebound Lay Up Lo SL White-Green;Rp 600.000;/item/puma-rebound-lay-up-lo-sl-white-green-iid-925245127;Sawahan, Surabaya Kota;6 hari yang lalu
Sepatu BIG SiZE Puma size 46;Rp 550.000;/item/sepatu-big-size-puma-size-46-iid-912458598;Bekasi Selatan, Bekasi Kota;6 hari yang lalu
Sepatu Futsal Puma Ultra 4.1 Original;Rp 450.000;/item/sepatu-futsal-puma-ultra-41-original-iid-892494269;Mampang Prapatan, Jakarta Selatan;6 hari yang lalu
Sepatu Puma Clyde Clydezilla MIJ (Made in Japan);Rp 900.000;/item/sepatu-puma-clyde-clydezilla-mij-made-in-japan-iid-922143859;Kiaracondong, Bandung Kota;6 hari yang lalu
Sepatu olah raga  puma ukuran 39;Rp 200.000;/item/sepatu-olah-raga-puma-ukuran-39-iid-759935100;Pamulang, Tangerang Selatan Kota;6 hari yang lalu
Puma clyde hardwood team white;Rp 349.000;/item/puma-clyde-hardwood-team-white-iid-921407606;Pancoran, Jakarta Selatan;6 hari yang lalu
Puma thunder spectra whisper white;Rp 299.000;/item/puma-thunder-spectra-whisper-white-iid-921702838;Johar Baru, Jakarta Pusat;6 hari yang lalu
Puma Clyde OG Suede, Original, 1x Fitting, Langka, Koleksi Gak Kepake;Rp 800.000;/item/puma-clyde-og-suede-original-1x-fitting-langka-koleksi-gak-kepake-iid-925238907;Cempaka Putih, Jakarta Pusat;7 hari yang lalu
Sepatu puma 1948 Mid L;Rp 500.000;/item/sepatu-puma-1948-mid-l-iid-904320793;Lakarsantri, Surabaya Kota;7 hari yang lalu
Puma RS-X Efekt PRM, Original, 1x Fitting, Koleksi Gak Kepake;Rp 800.000;/item/puma-rs-x-efekt-prm-original-1x-fitting-koleksi-gak-kepake-iid-925238028;Cempaka Putih, Jakarta Pusat;7 hari yang lalu
Sepatu Puma Ori;Rp 750.000;/item/sepatu-puma-ori-iid-925235523;Gubeng, Surabaya Kota;7 hari yang lalu
Sepatu Bola Puma Future 7 Play;Rp 600.000;/item/sepatu-bola-puma-future-7-play-iid-925234525;Pajang, Surakarta Kota;7 hari yang lalu
Sepatu Puma (new) yg sayang suami;Rp 350.000;/item/sepatu-puma-new-yg-sayang-suami-iid-884490637;Balaraja, Tangerang Kab.;7 hari yang lalu
Sepatu Puma BMW Cat Drift;Rp 275.000;/item/sepatu-puma-bmw-cat-drift-iid-921285259;Tapos, Depok Kota;7 hari yang lalu
Sneakers Puma Blue Like New 99,99%;Rp 250.000;/item/sneakers-puma-blue-like-new-9999-iid-925230633;Denpasar Selatan, Denpasar Kota;7 hari yang lalu
Puma tx-3 vietnam;Rp 175.000;/item/puma-tx-3-vietnam-iid-919938423;Jatimakmur, Bekasi Kab.;7 hari yang lalu
Puma caracal white;Rp 150.000;/item/puma-caracal-white-iid-919939204;Jatimakmur, Bekasi Kab.;7 hari yang lalu
Sepatu PUMA MAYZE Wanita;Rp 1.100.000;/item/sepatu-puma-mayze-wanita-iid-925227693;Kebayoran Baru, Jakarta Selatan;7 hari yang lalu
Sandal anak Puma x Spongebob;Rp 350.000;/item/sandal-anak-puma-x-spongebob-iid-916503075;Bekasi Barat, Bekasi Kota;7 hari yang lalu
Puma TRC Blaze HC;Rp 1.500.000;/item/puma-trc-blaze-hc-iid-925225142;Panyileukan, Bandung Kota;7 hari yang lalu
SEPATU PUMA SUEDE MAYU ORIGINAL SIZE 37,5;Rp 245.000;/item/sepatu-puma-suede-mayu-original-size-375-iid-925224886;Pondok Aren, Tangerang Selatan Kota;7 hari yang lalu
Sepatu Futsal Puma;Rp 225.000;/item/sepatu-futsal-puma-iid-881361454;Pondok Gede, Bekasi Kota;7 hari yang lalu
Sepatu Safety Merk Puma Original 100%;Rp 2.099.999;/item/sepatu-safety-merk-puma-original-100-iid-890649589;Balikpapan Tengah, Balikpapan Kota;7 hari yang lalu
keds dan puma wanita;Rp 850.000;/item/keds-dan-puma-wanita-iid-925219666;Setu, Tangerang Selatan Kota;7 hari yang lalu
PUMA R System size 43;Rp 250.000;/item/puma-r-system-size-43-iid-913195676;Kramat Jati, Jakarta Timur;7 hari yang lalu
Puma Trinomic sze 40;Rp 350.000;/item/puma-trinomic-sze-40-iid-923931502;Pamulang, Tangerang Selatan Kota;7 hari yang lalu
Sepatu Running Puma Soft Foam;Rp 200.000;/item/sepatu-running-puma-soft-foam-iid-925206896;Jatiwarna, Bekasi Kota;7 hari yang lalu
Puma Women Storm Y Metallic;Rp 250.000;/item/puma-women-storm-y-metallic-iid-923937940;Pasar Rebo, Jakarta Timur;7 hari yang lalu
PUMA R698 SPLATTER;Rp 300.000;/item/puma-r698-splatter-iid-920949445;Pondok Melati, Bekasi Kota;7 hari yang lalu
Puma BMW Suede Lichtenstein, New, Original, Langka, Koleksi Gak Kepake;Rp 800.000;/item/puma-bmw-suede-lichtenstein-new-original-langka-koleksi-gak-kepake-iid-925205768;Cempaka Putih, Jakarta Pusat;7 hari yang lalu
Sepatu PUMA smash cat;Rp 500.000;/item/sepatu-puma-smash-cat-iid-881285157;Medan Petisah, Medan Kota;7 hari yang lalu
Sepatu Bola Puma Ultra Play size43 mulus;Rp 370.000;/item/sepatu-bola-puma-ultra-play-size43-mulus-iid-925201073;Sukodono, Sidoarjo  Kab.;31 Agu
Puma suede UK 43;Rp 250.000;/item/puma-suede-uk-43-iid-925199855;Batununggal, Bandung Kota;31 Agu
Sepatu Puma Smash V2;Rp 500.000;/item/sepatu-puma-smash-v2-iid-925199597;Wonosari, Klaten Kab.;31 Agu
Puma Roma Classic Marathon FC series;Rp 240.000;/item/puma-roma-classic-marathon-fc-series-iid-925199367;Tambaksari, Surabaya Kota;31 Agu
Puma ferrari black;Rp 380.000;/item/puma-ferrari-black-iid-919703649;Sumber Sari, Jember Kab.;31 Agu
Sepatu puma evolve;Rp 280.000;/item/sepatu-puma-evolve-iid-925197237;Legok, Tangerang Kab.;31 Agu
Puma Wire Knit original;Rp 200.000;/item/puma-wire-knit-original-iid-925196943;Bekasi Timur, Bekasi Kota;31 Agu
Jual sepatu sneakers puma smash V2 ORIGINAL AUTNTIC NO 41 BARU MURAH;Rp 550.000;/item/jual-sepatu-sneakers-puma-smash-v2-original-autntic-no-41-baru-murah-iid-925196739;Batu, Batu Kota;31 Agu
Puma x one piece colabs;Rp 1.990.000;/item/puma-x-one-piece-colabs-iid-925193110;Jati Sampurna, Bekasi Kota;31 Agu
Puma Aviator ProFoam;Rp 700.000;/item/puma-aviator-profoam-iid-911859199;Mlati, Sleman Kab.;31 Agu
Sepatu Sneakers Puma Kulit logo Embos Original;Rp 230.000;/item/sepatu-sneakers-puma-kulit-logo-embos-original-iid-925188710;Simokerto, Surabaya Kota;31 Agu
Puma Suede Shoes Orange ukuran 42;Rp 350.000;/item/puma-suede-shoes-orange-ukuran-42-iid-910887901;Kelapa Dua, Tangerang Kab.;31 Agu
Sepatu puma ferrari original;Rp 400.000;/item/sepatu-puma-ferrari-original-iid-875039367;Buahbatu (Margacinta), Bandung Kota;31 Agu
Sepatu puma unisex;Rp 1.299.000;/item/sepatu-puma-unisex-iid-925181093;Palmerah, Jakarta Barat;31 Agu
Sepatu second ori Puma Roma size 44,5 fit to 45 (29cm);Rp 365.000;/item/sepatu-second-ori-puma-roma-size-445-fit-to-45-29cm-iid-925179294;Jagakarsa, Jakarta Selatan;31 Agu
PUMA FUTURE RUNNER BLACK WHITE ORIGINAL;Rp 300.000;/item/puma-future-runner-black-white-original-iid-910601053;Gedebage, Bandung Kota;31 Agu
Sepatu Puma FUTURE MIRAGE TECH electro green 42;Rp 350.000;/item/sepatu-puma-future-mirage-tech-electro-green-42-iid-922520951;Wonokromo, Surabaya Kota;31 Agu
Puma X Vogue Suede;Rp 1.000.000;/item/puma-x-vogue-suede-iid-923892280;Cempaka Putih, Jakarta Pusat;31 Agu
Sepatu puma original;Rp 675.000;/item/sepatu-puma-original-iid-922403967;Seminyak, Kab. Badung;31 Agu
Sepatu bola PUMA FUTURE Z 1.2 FG/AG ORIGINAL;Rp 800.000;/item/sepatu-bola-puma-future-z-12-fgag-original-iid-918362942;Medan Satria, Bekasi Kota;31 Agu
Puma ROMA size 41;Rp 150.000;/item/puma-roma-size-41-iid-923869529;Bandung Kidul, Bandung Kota;31 Agu
Sepatu anak Puma X Tom&jerry;Rp 140.000;/item/sepatu-anak-puma-x-tomjerry-iid-907408981;Pasar Minggu, Jakarta Selatan;31 Agu
PUMA URBAN Size 41;Rp 350.000;/item/puma-urban-size-41-iid-921919699;Serengan, Surakarta Kota;30 Agu
Sepatu Puma RS-Curve Bright Heigth’s;Rp 550.000;/item/sepatu-puma-rs-curve-bright-heigths-iid-896061344;Jatinegara, Jakarta Timur;30 Agu
Sepatu Puma mantra BNWB;Rp 850.000;/item/sepatu-puma-mantra-bnwb-iid-901083018;Rungkut, Surabaya Kota;30 Agu
Sepatu seken Puma;Rp 250.000;/item/sepatu-seken-puma-iid-925155525;Cilandak, Jakarta Selatan;30 Agu
Sepatu Seken Merek PUMA;Rp 120.000;/item/sepatu-seken-merek-puma-iid-922437696;Padang Timur, Padang Kota;30 Agu
Sepatu anak puma nike zara;Rp 249.000;/item/sepatu-anak-puma-nike-zara-iid-914427255;Arcamanik, Bandung Kota;30 Agu
Dijual Sepatu PUMA HYBRID Original 100% Like New;Rp 1.000.000;/item/dijual-sepatu-puma-hybrid-original-100-like-new-iid-925143408;Buahbatu (Margacinta), Bandung Kota;30 Agu
Sepatu Puma  flyer lite mesh uk 42/41 normal;Rp 800.000;/item/sepatu-puma-flyer-lite-mesh-uk-4241-normal-iid-925142447;Kebayoran Baru, Jakarta Selatan;30 Agu
Sepatu Basket Puma Playmaker Core;Rp 750.000;/item/sepatu-basket-puma-playmaker-core-iid-925140155;Taman Sari, Jakarta Barat;30 Agu
Sepatu running puma reedem profoam original resmi;Rp 550.000;/item/sepatu-running-puma-reedem-profoam-original-resmi-iid-923685802;Cakung, Jakarta Timur;30 Agu
Sepatu Puma RS-X Whisper White Running Shoes;Rp 659.000;/item/sepatu-puma-rs-x-whisper-white-running-shoes-iid-923650655;Pamulang, Tangerang Selatan Kota;30 Agu
Sepatu Puma TRC MIRA SQ white Running Shoes;Rp 499.000;/item/sepatu-puma-trc-mira-sq-white-running-shoes-iid-923733960;Pamulang, Tangerang Selatan Kota;30 Agu
PUMA Rebound Lay Up Lo SL Sneakers pria New Original, White Bug Black;Rp 800.000;/item/puma-rebound-lay-up-lo-sl-sneakers-pria-new-original-white-bug-black-iid-912564509;Balikpapan Selatan, Balikpapan Kota;30 Agu
PUMA Rebound LayUpLoSL SneakersPria NewOriginal, White team Light Blue;Rp 800.000;/item/puma-rebound-layuplosl-sneakerspria-neworiginal-white-team-light-blue-iid-912592797;Balikpapan Selatan, Balikpapan Kota;30 Agu
Sepatu Puma Original. Berbagai ukuran.;Rp 1.100.000;/item/sepatu-puma-original-berbagai-ukuran-iid-921847517;Cilandak, Jakarta Selatan;30 Agu
Sepatu Puma sekali pakai 42;Rp 400.000;/item/sepatu-puma-sekali-pakai-42-iid-925133908;Penjaringan, Jakarta Utara;30 Agu
Jual aja Sepatu Puma Mile Rider Size 40;Rp 800.000;/item/jual-aja-sepatu-puma-mile-rider-size-40-iid-916599927;Kelapa Dua, Tangerang Kab.;30 Agu
[New] Sepatu Bola Puma Original Harga Diskon Siap Pakai;Rp 400.000;/item/new-sepatu-bola-puma-original-harga-diskon-siap-pakai-iid-914441183;Pondok Aren, Tangerang Selatan Kota;30 Agu
Puma rebound street;Rp 220.000;/item/puma-rebound-street-iid-915499126;Pesanggrahan, Jakarta Selatan;30 Agu
sepatu puma 0riginal size 42 kotak lengkap;Rp 580.000;/item/sepatu-puma-0riginal-size-42-kotak-lengkap-iid-922499735;Medan Helvetia, Medan Kota;30 Agu
Jual Sepatu Puma Size 46 Jawa Timur Surabaya;Rp 499.000;/item/jual-sepatu-puma-size-46-jawa-timur-surabaya-iid-925127462;Krian, Sidoarjo  Kab.;30 Agu
Sepatu Puma NXT Pro Golf Ignite ORI ,bisa buat gol;Rp 850.000;/item/sepatu-puma-nxt-pro-golf-ignite-ori-bisa-buat-gol-iid-920671851;Sawangan, Depok Kota;30 Agu
Puma Running black;Rp 350.000;/item/puma-running-black-iid-903625199;Ciledug, Tangerang Kota;30 Agu
Sepatu second puma maestro original size 38;Rp 100.000;/item/sepatu-second-puma-maestro-original-size-38-iid-923722653;Graha, Surabaya Kota;29 Agu
SEPATU FUTSAL PUMA FUTURE 1.3 (Made Vietnam);Rp 470.000;/item/sepatu-futsal-puma-future-13-made-vietnam-iid-925112173;Banyumanik, Semarang Kota;29 Agu
sepatu puma suede;Rp 450.000;/item/sepatu-puma-suede-iid-921557680;Ilir Barat I, Palembang Kota;29 Agu
PUMA casual size 40.5 (26cm);Rp 300.000;/item/puma-casual-size-405-26cm-iid-918400688;Cilodong, Depok Kota;29 Agu
SEPATU PUMA, INSOLE 43, SESUAI FOTO BOSKUHHHH;Rp 335.000;/item/sepatu-puma-insole-43-sesuai-foto-boskuhhhh-iid-925099051;Medan Kota, Sumatra Utara;29 Agu
Sepatu Puma Pirelli;Rp 500.000;/item/sepatu-puma-pirelli-iid-923730861;Bogor Tengah - Kota, Bogor Kota;29 Agu
Sepatu Puma Fast 300 Second;Rp 120.000;/item/sepatu-puma-fast-300-second-iid-918230297;Kelapa Gading, Jakarta Utara;29 Agu
Sepatu sepedahan puma;Rp 225.000;/item/sepatu-sepedahan-puma-iid-923161479;Bumi Serpong Damai, Tangerang Selatan Kota;29 Agu
Sepatu Puma Rs x;Rp 170.000;/item/sepatu-puma-rs-x-iid-913338799;Kembangan, Jakarta Barat;29 Agu
Sepatu Puma   high;Rp 220.000;/item/sepatu-puma-high-iid-920619754;Kembangan, Jakarta Barat;29 Agu
Sepatu running Puma Interflex Modern grey;Rp 500.000;/item/sepatu-running-puma-interflex-modern-grey-iid-923725552;Tenggilis Mejoyo, Surabaya Kota;29 Agu
Sepatu Puma Twitch Runner black white;Rp 800.000;/item/sepatu-puma-twitch-runner-black-white-iid-923725620;Tenggilis Mejoyo, Surabaya Kota;29 Agu
Sepatu Puma X Stamp 'R698 Size 38;Rp 180.000;/item/sepatu-puma-x-stamp-r698-size-38-iid-922364827;Cinere, Depok Kota;29 Agu
PUMA Sepatu Lari Scend Pro Engineered;Rp 700.000;/item/puma-sepatu-lari-scend-pro-engineered-iid-913715574;Pajang, Surakarta Kota;29 Agu
Sepatu puma limited 42;Rp 150.000;/item/sepatu-puma-limited-42-iid-913870914;Pamulang, Tangerang Selatan Kota;29 Agu
Puma tech everfit+sf10;Rp 200.000;/item/puma-tech-everfitsf10-iid-918375067;Cibiru, Bandung Kota;29 Agu
Sepatu Puma Softfoam+ Disperse XT 3 Hyperwave;Rp 500.000;/item/sepatu-puma-softfoam-disperse-xt-3-hyperwave-iid-925075794;Cipondoh, Tangerang Kota;29 Agu
SEPATU RUNNING (PUMA FLYER LITE RUNNING);Rp 650.000;/item/sepatu-running-puma-flyer-lite-running-iid-925074181;Menteng, Jakarta Pusat;28 Agu
Sepatu Puma Size 42;Rp 250.000;/item/sepatu-puma-size-42-iid-925073356;Tegalrejo, Yogyakarta Kota;28 Agu
Jual murah Puma v2 white original UK.41 BNIB;Rp 499.000;/item/jual-murah-puma-v2-white-original-uk41-bnib-iid-925073252;Denpasar Selatan, Denpasar Kota;28 Agu
Sepatu Futsal Puma;Rp 400.000;/item/sepatu-futsal-puma-iid-922286204;Tanjung Priok, Jakarta Utara;28 Agu
Puma Mayze Re:Collection sneakers;Rp 750.000;/item/puma-mayze-recollection-sneakers-iid-925068425;Cinere, Depok Kota;28 Agu
Sepatu bola puma ultra sz42;Rp 500.000;/item/sepatu-bola-puma-ultra-sz42-iid-925063461;Ciledug, Tangerang Kota;28 Agu
puma MB 02 be you galaxy (RARE) limited edition;Rp 1.600.000;/item/puma-mb-02-be-you-galaxy-rare-limited-edition-iid-923604434;Banjarsari, Surakarta Kota;28 Agu
SEPATU ANAK PUMA SIZE 34.5 (21 CM);Rp 650.000;/item/sepatu-anak-puma-size-345-21-cm-iid-915775322;Medan Area, Medan Kota;28 Agu
SEPATU SECOND PUMA RALPH SAMPSON;Rp 450.000;/item/sepatu-second-puma-ralph-sampson-iid-925062384;Labang, Bangkalan  Kab.;28 Agu
Sepatu puma no 41;Rp 400.000;/item/sepatu-puma-no-41-iid-925061430;Cileunyi, Bandung Kab.;28 Agu
Sepatu running puma interflex modern all black;Rp 550.000;/item/sepatu-running-puma-interflex-modern-all-black-iid-923620298;Benda, Tangerang Kota;28 Agu
Puma bmw size 43;Rp 500.000;/item/puma-bmw-size-43-iid-922015442;Sidoarjo, Sidoarjo  Kab.;28 Agu
Puma Suede brown;Rp 300.000;/item/puma-suede-brown-iid-925059438;Medan Satria, Bekasi Kota;28 Agu
Puma RS-X Efekt Reflective;Rp 600.000;/item/puma-rs-x-efekt-reflective-iid-925059296;Banjarmasin Selatan, Banjarmasin Kota;28 Agu
Preloved Sepatu Sneakers Pria Puma;Rp 300.000;/item/preloved-sepatu-sneakers-pria-puma-iid-925057501;Kramat Jati, Jakarta Timur;28 Agu
Puma Better Foam Legacy Ukuran 42 Full Black;Rp 849.000;/item/puma-better-foam-legacy-ukuran-42-full-black-iid-925055524;Pondok Aren, Tangerang Selatan Kota;28 Agu
PUMA shoes sepatu wanita;Rp 950.000;/item/puma-shoes-sepatu-wanita-iid-920157220;Citraland, Surabaya Kota;28 Agu
PUMA R22 New Original Running shoes;Rp 800.000;/item/puma-r22-new-original-running-shoes-iid-912424668;Balikpapan Selatan, Balikpapan Kota;28 Agu
sepatu puma ignite size 43;Rp 750.000;/item/sepatu-puma-ignite-size-43-iid-925043593;Ciledug, Tangerang Kota;28 Agu
Jual sepatu puma future original;Rp 500.000;/item/jual-sepatu-puma-future-original-iid-909389334;Simokerto, Surabaya Kota;28 Agu
sepatu puma whirlwind classic size 41;Rp 400.000;/item/sepatu-puma-whirlwind-classic-size-41-iid-892675760;Setia Budi, Jakarta Selatan;28 Agu
Sepatu puma hitam;Rp 425.000;/item/sepatu-puma-hitam-iid-922166785;Pagedangan, Tangerang Kab.;28 Agu
Sepatu Puma Biru;Rp 250.000;/item/sepatu-puma-biru-iid-925042173;Serpong Utara, Tangerang Selatan Kota;28 Agu
Sepatu Futsal Puma Ultra Play IT;Rp 450.000;/item/sepatu-futsal-puma-ultra-play-it-iid-923483306;Kemayoran, Jakarta Pusat;28 Agu
Puma Nrgy Driver Men Running Shoes Blue;Rp 400.000;/item/puma-nrgy-driver-men-running-shoes-blue-iid-923632072;Serengan, Surakarta Kota;28 Agu
Puma Nrgy Comet Women Running Shoes;Rp 375.000;/item/puma-nrgy-comet-women-running-shoes-iid-923634160;Serengan, Surakarta Kota;28 Agu
Sandal Puma Mulus Size 37 Harga Pas;Rp 175.000;/item/sandal-puma-mulus-size-37-harga-pas-iid-922138128;Duren Sawit, Jakarta Timur;28 Agu
Sepatu Futsal Puma Future Play IT;Rp 400.000;/item/sepatu-futsal-puma-future-play-it-iid-923483322;Kemayoran, Jakarta Pusat;28 Agu
Sepatu Bola Puma Ultra Play FG;Rp 450.000;/item/sepatu-bola-puma-ultra-play-fg-iid-923483340;Kemayoran, Jakarta Pusat;28 Agu
Sepatu Puma Relax Knit Slip On;Rp 385.000;/item/sepatu-puma-relax-knit-slip-on-iid-923754298;Kemayoran, Jakarta Pusat;28 Agu
Sepatu PUMA Relax Knit Slip On;Rp 350.000;/item/sepatu-puma-relax-knit-slip-on-iid-919490952;Pedurungan, Semarang Kota;28 Agu
Puma suede original;Rp 250.000;/item/puma-suede-original-iid-923783705;Cipayung, Depok Kota;28 Agu
Sepatu Puma Size 46 Surabaya Jawa Timur;Rp 399.000;/item/sepatu-puma-size-46-surabaya-jawa-timur-iid-923782267;Krian, Sidoarjo  Kab.;28 Agu
Sepatu Puma RBD Game Low Original New Size 47;Rp 700.000;/item/sepatu-puma-rbd-game-low-original-new-size-47-iid-925035759;Jatinegara, Jakarta Timur;28 Agu
Sepatu Puma navy orange;Rp 250.000;/item/sepatu-puma-navy-orange-iid-925035701;Balikpapan Utara, Balikpapan Kota;28 Agu
PUMA Sepatu Sneakers Smash Vulc Canvas;Rp 350.000;/item/puma-sepatu-sneakers-smash-vulc-canvas-iid-925035142;Baiturrahman, Banda Aceh Kota;28 Agu
Sepatu wanita puma hitam gold no 37baru 3xpakai kondisi masih 98 prsen;Rp 450.000;/item/sepatu-wanita-puma-hitam-gold-no-37baru-3xpakai-kondisi-masih-98-prsen-iid-925029970;Duren Sawit, Jakarta Timur;27 Agu
Puma wild rider original size 43;Rp 600.000;/item/puma-wild-rider-original-size-43-iid-912892708;Kedawung, Cirebon Kab.;27 Agu
PUMA SLIP STREAMS;Rp 625.000;/item/puma-slip-streams-iid-925029487;HR Muhammad, Surabaya Kota;27 Agu
sepatu puma original / puma night runner;Rp 350.000;/item/sepatu-puma-original-puma-night-runner-iid-883764577;Wiyung, Surabaya Kota;27 Agu
Jual sepatu puma jarang dipakai;Rp 400.000;/item/jual-sepatu-puma-jarang-dipakai-iid-925024137;Serpong, Tangerang Selatan Kota;27 Agu
Jual sepatu puma jarang dipakai;Rp 400.000;/item/jual-sepatu-puma-jarang-dipakai-iid-925024081;Gading Serpong, Tangerang Kota;27 Agu
Sepatu cowok puma original;Rp 650.000;/item/sepatu-cowok-puma-original-iid-925022783;Kawunganten, Cilacap Kab.;27 Agu
Sepatu Black Puma, size 42, kondisi 90%;Rp 365.000;/item/sepatu-black-puma-size-42-kondisi-90-iid-919481058;Cakung, Jakarta Timur;27 Agu
Puma ferrari black;Rp 300.000;/item/puma-ferrari-black-iid-925014440;Palmerah, Jakarta Barat;27 Agu
Sepatu Futsal Puma Truco III;Rp 550.000;/item/sepatu-futsal-puma-truco-iii-iid-925008689;Kebayoran Lama, Jakarta Selatan;27 Agu
Sepatu Futsal Puma Truco III;Rp 550.000;/item/sepatu-futsal-puma-truco-iii-iid-925008569;Kebayoran Lama, Jakarta Selatan;27 Agu
Puma NRGY Comet Original 2024;Rp 600.000;/item/puma-nrgy-comet-original-2024-iid-923406251;Pancoran Mas, Depok Kota;27 Agu
Puma Suede Red Kids;Rp 400.000;/item/puma-suede-red-kids-iid-898809093;Tambun Selatan, Bekasi Kab.;27 Agu
SEPATU SEPAK BOLA ANAK PUMA UK 32;Rp 150.000;/item/sepatu-sepak-bola-anak-puma-uk-32-iid-925006362;Mulyorejo, Surabaya Kota;27 Agu
42 - Sepatu Puma Bekas Second Puma Suede Splatter Metallic Bekas;Rp 329.000;/item/42-sepatu-puma-bekas-second-puma-suede-splatter-metallic-bekas-iid-925006044;Pesanggrahan, Jakarta Selatan;27 Agu
SEPATU FUTSAL ANAK PUMA FUTURE UK 29;Rp 250.000;/item/sepatu-futsal-anak-puma-future-uk-29-iid-925005937;Gubeng, Surabaya Kota;27 Agu
40 - Sepatu Puma Bekas Second Puma Smash v2 Vulc White Black Bekas;Rp 299.000;/item/40-sepatu-puma-bekas-second-puma-smash-v2-vulc-white-black-bekas-iid-925005607;Pesanggrahan, Jakarta Selatan;27 Agu
Sepatu Running Puma;Rp 850.000;/item/sepatu-running-puma-iid-925005363;Gambir, Jakarta Pusat;27 Agu
Sepatu puma muse x-2 metallic;Rp 300.000;/item/sepatu-puma-muse-x-2-metallic-iid-922223415;Jaten, Karanganyar Kab.;27 Agu
Jual Sepatu PUMA LQDCELL White Blue;Rp 1.500.000;/item/jual-sepatu-puma-lqdcell-white-blue-iid-922480163;Grogol Petamburan, Jakarta Barat;27 Agu
Puma Slipstream ArchiveRemastered White VINE;Rp 900.000;/item/puma-slipstream-archiveremastered-white-vine-iid-925001276;Kebayoran Baru, Jakarta Selatan;27 Agu
Sepatu Sneakers Puma Slipstream Bball Original, Size 43, 393266-02;Rp 1.000.000;/item/sepatu-sneakers-puma-slipstream-bball-original-size-43-393266-02-iid-915116117;Pekalipan, Cirebon Kota;27 Agu
Original second Sepatu Bola Puma Ultra;Rp 1.570.350;/item/original-second-sepatu-bola-puma-ultra-iid-914831306;Banjarmasin Selatan, Banjarmasin Kota;27 Agu
Sepatu Puma Size 43 Original;Rp 425.000;/item/sepatu-puma-size-43-original-iid-924998333;Banjarsari, Surakarta Kota;27 Agu
Menjual sepatu puma bmw;Rp 250.000;/item/menjual-sepatu-puma-bmw-iid-916940622;Mulyorejo, Surabaya Kota;27 Agu
PUMA sepatu Trainer Smash Vulc Canvas 38;Rp 300.000;/item/puma-sepatu-trainer-smash-vulc-canvas-38-iid-919089706;Ciledug, Tangerang Kota;27 Agu
Puma runing fullblack;Rp 250.000;/item/puma-runing-fullblack-iid-923657286;Ngasem, Kediri  Kab.;27 Agu
Sepatu golf PUMA USA size 45;Rp 225.000;/item/sepatu-golf-puma-usa-size-45-iid-924995429;Bogor Timur - Kota, Bogor Kota;26 Agu
Puma Deviate Nitro Elite 2 (26cm);Rp 1.850.000;/item/puma-deviate-nitro-elite-2-26cm-iid-924993335;Senen, Jakarta Pusat;26 Agu
Sepatu Puma 2023 size 42;Rp 850.000;/item/sepatu-puma-2023-size-42-iid-888922764;Pulo Gadung, Jakarta Timur;26 Agu
Sepatu puma second;Rp 250.000;/item/sepatu-puma-second-iid-924990512;Pesanggrahan, Jakarta Selatan;26 Agu
Sepatu bola puma king platinum;Rp 800.000;/item/sepatu-bola-puma-king-platinum-iid-920110821;Kebayoran Lama, Jakarta Selatan;26 Agu
Sepatu puma high;Rp 450.000;/item/sepatu-puma-high-iid-924985093;Taman Sari, Jakarta Barat;26 Agu
Sepatu puma original new size 42.5;Rp 400.000;/item/sepatu-puma-original-new-size-425-iid-921106236;Ilir Barat I, Palembang Kota;26 Agu
Sepatu puma slip on;Rp 625.000;/item/sepatu-puma-slip-on-iid-924980784;Genteng, Surabaya Kota;26 Agu
Puma Thunder Spectra Original;Rp 500.000;/item/puma-thunder-spectra-original-iid-922365510;Rawalumbu, Bekasi Kota;26 Agu
Second like new! Sepatu rawatan! PUMA ORI 100%;Rp 350.000;/item/second-like-new-sepatu-rawatan-puma-ori-100-iid-924975059;Koja, Jakarta Utara;26 Agu
PUMA RS-Curve Aura Women's Trainers - Pink - Wanita Sneakers;Rp 650.000;/item/puma-rs-curve-aura-womens-trainers-pink-wanita-sneakers-iid-924971205;Bekasi Timur, Bekasi Kota;26 Agu
Sepatu PUMA RS-X 3D;Rp 1.000.000;/item/sepatu-puma-rs-x-3d-iid-917512845;Bekasi Barat, Bekasi Kota;26 Agu
sepatu running puma wanita size 37;Rp 400.000;/item/sepatu-running-puma-wanita-size-37-iid-921972875;Ciawi, Bogor Kab.;26 Agu
Sepatu Pria Puma Rebound Lay Up Lo SL;Rp 550.000;/item/sepatu-pria-puma-rebound-lay-up-lo-sl-iid-924961930;Mayjen Sungkono, Surabaya Kota;26 Agu
Puma X Fenty Rihanna Pointy Creeper Patent 36627002 universal all year;Rp 3.469.000;/item/puma-x-fenty-rihanna-pointy-creeper-patent-36627002-universal-all-year-iid-920267370;Ujung Berung, Bandung Kota;26 Agu
Sepatu Sneakers Puma Turino FSL, Original, White/Gum. Size 43;Rp 700.000;/item/sepatu-sneakers-puma-turino-fsl-original-whitegum-size-43-iid-912382351;Pekalipan, Cirebon Kota;26 Agu
sepatu futsal puma truco III original;Rp 400.000;/item/sepatu-futsal-puma-truco-iii-original-iid-924954545;Pesanggrahan, Jakarta Selatan;26 Agu
Puma Roma Black Blue Size 43;Rp 200.000;/item/puma-roma-black-blue-size-43-iid-921324336;Tarumajaya, Bekasi Kab.;26 Agu
Sepatu puma original size 38,5cm putih;Rp 500.000;/item/sepatu-puma-original-size-385cm-putih-iid-915782977;Penjaringan, Jakarta Utara;25 Agu
Sepatu puma brand new in box.;Rp 500.000;/item/sepatu-puma-brand-new-in-box-iid-924953708;Tebet, Jakarta Selatan;25 Agu
Sepatu Puma original;Rp 150.000;/item/sepatu-puma-original-iid-865988281;Ngaglik, Sleman Kab.;25 Agu
Sepatu Puma Street Rider Haribo Unisex Original No 39_40;Rp 450.000;/item/sepatu-puma-street-rider-haribo-unisex-original-no-39-40-iid-919396769;Leuwiliang, Bogor Kab.;25 Agu
Sepatu Puma Original ukuran 40;Rp 250.000;/item/sepatu-puma-original-ukuran-40-iid-924944311;Pademangan, Jakarta Utara;25 Agu
Puma Sky Wedge Size 38.5;Rp 275.000;/item/puma-sky-wedge-size-385-iid-920687323;Ciracas, Jakarta Timur;25 Agu
Sepatu Futsal Puma Future  5.3 Netfit IT;Rp 500.000;/item/sepatu-futsal-puma-future-53-netfit-it-iid-923485505;Gunung Sindur, Bogor Kab.;25 Agu
Puma Suede Skate;Rp 800.000;/item/puma-suede-skate-iid-900926217;Lowokwaru, Malang Kota;25 Agu
Puma RS-X³ PUZZLE;Rp 800.000;/item/puma-rs-x-puzzle-iid-900926671;Lowokwaru, Malang Kota;25 Agu
Puma Clyde Sock Lo Diamond;Rp 750.000;/item/puma-clyde-sock-lo-diamond-iid-900927605;Lowokwaru, Malang Kota;25 Agu
Jual Sepatu Puma Original;Rp 230.000;/item/jual-sepatu-puma-original-iid-922269427;Karawang Barat, Karawang Kab.;25 Agu
Jual sepatu lari puma fly runner flex BARU ORIGINAL AUTHENTIC no 42;Rp 550.000;/item/jual-sepatu-lari-puma-fly-runner-flex-baru-original-authentic-no-42-iid-924940228;Batu, Batu Kota;25 Agu
Puma Suede Smash V2 mid;Rp 450.000;/item/puma-suede-smash-v2-mid-iid-915073507;Bogor Barat - Kota, Bogor Kota;25 Agu
Sepatu puma kidz original;Rp 300.000;/item/sepatu-puma-kidz-original-iid-924938603;Andir, Bandung Kota;25 Agu
PUMA SUEDE UK 39 HARGA NET;Rp 200.000;/item/puma-suede-uk-39-harga-net-iid-875278611;Bekasi Timur, Bekasi Kota;25 Agu
Puma ferrari putih ganteng;Rp 550.000;/item/puma-ferrari-putih-ganteng-iid-920229743;Pesanggrahan, Jakarta Selatan;25 Agu
Sepatu Futsal PUMA Ultra match IT;Rp 400.000;/item/sepatu-futsal-puma-ultra-match-it-iid-924933746;Landasan Ulin, Banjarbaru Kota;25 Agu
Puma Pumpfit RS-X Original;Rp 200.000;/item/puma-pumpfit-rs-x-original-iid-924931812;Tanah Abang, Jakarta Pusat;25 Agu
Puma Suede natural;Rp 300.000;/item/puma-suede-natural-iid-916935362;Astana Anyar, Bandung Kota;25 Agu
Puma Roma og nylon;Rp 300.000;/item/puma-roma-og-nylon-iid-916935636;Astana Anyar, Bandung Kota;25 Agu
Puma RS-Fast Limiter Size 42;Rp 1.000.000;/item/puma-rs-fast-limiter-size-42-iid-919123246;Wonocolo, Surabaya Kota;25 Agu
Sepatu Bola Puma Ultra Play FG/AG size43;Rp 420.000;/item/sepatu-bola-puma-ultra-play-fgag-size43-iid-924929443;Wonokromo, Surabaya Kota;25 Agu
SEPATU BOLA/ MINISOCCORE MEREK PUMA;Rp 400.000;/item/sepatu-bola-minisoccore-merek-puma-iid-923498624;Serpong Utara, Tangerang Selatan Kota;25 Agu
Puma sepatu pria;Rp 420.000;/item/puma-sepatu-pria-iid-906427127;Bekasi Kota, Jawa Barat;25 Agu
Puma Casual Size 42;Rp 250.000;/item/puma-casual-size-42-iid-924925857;Ilir Timur I, Palembang Kota;25 Agu
Puma size 42 original;Rp 150.000;/item/puma-size-42-original-iid-922244569;Medan Satria, Bekasi Kota;25 Agu
sepatu puma koleksi pribadi;Rp 150.000;/item/sepatu-puma-koleksi-pribadi-iid-920899442;Sawangan, Depok Kota;25 Agu
Puma RS-X versi MTV,limited edition...warna white kombinasi hijau;Rp 1.750.000;/item/puma-rs-x-versi-mtvlimited-editionwarna-white-kombinasi-hijau-iid-785581497;Medan Maimun, Medan Kota;25 Agu
Sepatu Anak Puma Ferrari Original Preloved;Rp 75.000;/item/sepatu-anak-puma-ferrari-original-preloved-iid-871091403;Medan Perjuangan, Medan Kota;25 Agu
PUMA SUEDE MAYU WOMENS SNEAKERS BLACK  PRODUCT CODE : PMA 380686 - 02;Rp 249.900;/item/puma-suede-mayu-womens-sneakers-black-product-code-pma-380686-02-iid-923210700;Pondok Aren, Tangerang Selatan Kota;25 Agu
PUMA ELECTRON E Pro;Rp 500.000;/item/puma-electron-e-pro-iid-917563812;Periuk, Tangerang Kota;25 Agu
Sepatu puma soft foam;Rp 100.000;/item/sepatu-puma-soft-foam-iid-917234349;Kebayoran Baru, Jakarta Selatan;25 Agu
Puma Flyer Flex Navy Men Running Shoes Navy;Rp 400.000;/item/puma-flyer-flex-navy-men-running-shoes-navy-iid-923634278;Serengan, Surakarta Kota;25 Agu
Sepatu puma ukuran 42 sesuai gambar 350rb nego;Rp 350.000;/item/sepatu-puma-ukuran-42-sesuai-gambar-350rb-nego-iid-912914368;Setia Budi, Jakarta Selatan;24 Agu
SEPATU PUMA SECOND;Rp 400.000;/item/sepatu-puma-second-iid-924909368;Palmerah, Jakarta Barat;24 Agu
Puma Aril Blaze Trainer;Rp 380.000;/item/puma-aril-blaze-trainer-iid-917854227;Menteng, Jakarta Pusat;24 Agu
PUMA Jada Renew Romance Women Sneaker;Rp 820.000;/item/puma-jada-renew-romance-women-sneaker-iid-923396692;Banguntapan, Bantul Kab.;24 Agu
Sneakers Puma Thunder Electric size 40, Mens;Rp 350.000;/item/sneakers-puma-thunder-electric-size-40-mens-iid-921726392;Bumi Serpong Damai, Tangerang Selatan Kota;24 Agu
Sepatu sneakers puma;Rp 350.000;/item/sepatu-sneakers-puma-iid-924895577;Kebayoran Lama, Jakarta Selatan;24 Agu
Puma Women Cali Sport WH Sneakers - Size EUR 37.5 (23.5cm) NETT;Rp 375.000;/item/puma-women-cali-sport-wh-sneakers-size-eur-375-235cm-nett-iid-863448506;Cilandak, Jakarta Selatan;24 Agu
Sepatu Puma All Day Active;Rp 450.000;/item/sepatu-puma-all-day-active-iid-924884495;Kemayoran, Jakarta Pusat;24 Agu
Sepatu Puma Basket;Rp 200.000;/item/sepatu-puma-basket-iid-923602447;Nusa Dua, Kab. Badung;24 Agu
Sepatu Puma CA Pro Glitch Original;Rp 600.000;/item/sepatu-puma-ca-pro-glitch-original-iid-912617731;Medan Area, Medan Kota;24 Agu
Jual sepatu murah puma;Rp 220.000;/item/jual-sepatu-murah-puma-iid-923505229;Jagakarsa, Jakarta Selatan;24 Agu
Sepatu futsal nike zoom vapor 15 & puma sepakbola ori;Rp 1.150.000;/item/sepatu-futsal-nike-zoom-vapor-15-puma-sepakbola-ori-iid-917111602;Kemayoran, Jakarta Pusat;24 Agu
Sepatu puma lengkap dengan box;Rp 500.000;/item/sepatu-puma-lengkap-dengan-box-iid-924876477;Lubuk Linggau Selatan Dua (II), Lubuklinggau Kota;24 Agu
Sepatu  Puma Triple Black Size 39;Rp 250.000;/item/sepatu-puma-triple-black-size-39-iid-918229598;Cinere, Depok Kota;24 Agu
Sepatu olahraga puma;Rp 500.000;/item/sepatu-olahraga-puma-iid-921451906;Gedong Tengen, Yogyakarta Kota;24 Agu
Puma SOFTRIDE Archer 391517 Sneakers;Rp 1.100.000;/item/puma-softride-archer-391517-sneakers-iid-916265534;Cakung, Jakarta Timur;24 Agu
Puma Relax Knit Slip On Running Shoes - Black;Rp 490.000;/item/puma-relax-knit-slip-on-running-shoes-black-iid-916267803;Cakung, Jakarta Timur;24 Agu
Puma x One Piece Suede 3 Luffy Version;Rp 2.250.000;/item/puma-x-one-piece-suede-3-luffy-version-iid-919215318;Sidoarjo, Sidoarjo  Kab.;24 Agu
"Sepatu Puma Ferrari SF Drift Cat 7
Red Leather Rosso Corsa Original";Rp 745.000;/item/sepatu-puma-ferrari-sf-drift-cat-7-red-leather-rosso-corsa-original-iid-788623812;Grogol Petamburan, Jakarta Barat;24 Agu
Sepatu Puma Original;Rp 285.000;/item/sepatu-puma-original-iid-923480413;Balikpapan Timur, Balikpapan Kota;23 Agu
Sepatu Puma Haunted Size 39 - Sepatu Skateboard;Rp 450.000;/item/sepatu-puma-haunted-size-39-sepatu-skateboard-iid-924870698;Kembangan, Jakarta Barat;23 Agu
Sepatu bola Puma king;Rp 150.000;/item/sepatu-bola-puma-king-iid-924869717;Gemolong, Sragen Kab.;23 Agu
Puma rs x 40 th anniversary;Rp 900.000;/item/puma-rs-x-40-th-anniversary-iid-924869398;Magelang Tengah, Magelang Kota;23 Agu
Puma Flyer Flex;Rp 255.000;/item/puma-flyer-flex-iid-924865481;Cilincing, Jakarta Utara;23 Agu
sepatu bola puma king platinum vegan;Rp 775.000;/item/sepatu-bola-puma-king-platinum-vegan-iid-923488888;Kalasan, Sleman Kab.;23 Agu
Puma Caven Mid 2.0;Rp 550.000;/item/puma-caven-mid-20-iid-924219863;Margahayu, Bandung Kab.;23 Agu
Puma ori retail ukuran 45, baru sekali pake, 500 net;Rp 500.000;/item/puma-ori-retail-ukuran-45-baru-sekali-pake-500-net-iid-924856370;Ciputat Timur, Tangerang Selatan Kota;23 Agu
ORI 100% jual sepatu basket puma MB.02 Supernova size 46;Rp 800.000;/item/ori-100-jual-sepatu-basket-puma-mb02-supernova-size-46-iid-924852733;Pondok Gede, Bekasi Kota;23 Agu
PUMA FLYER RUNNER MESH;Rp 499.000;/item/puma-flyer-runner-mesh-iid-924851286;Pancoran, Jakarta Selatan;23 Agu
PUMA FLYER RUNNER MESH;Rp 499.000;/item/puma-flyer-runner-mesh-iid-924849126;Ciracas, Jakarta Timur;23 Agu
Sepatu Puma hitam;Rp 175.000;/item/sepatu-puma-hitam-iid-924848463;Antapani (Cicadas), Bandung Kota;23 Agu
Sepatu puma softride premier;Rp 550.000;/item/sepatu-puma-softride-premier-iid-919179101;Larangan, Tangerang Kota;23 Agu
jual preloved42 merk puma;Rp 450.000;/item/jual-preloved42-merk-puma-iid-918793372;Kebon Jeruk, Jakarta Barat;23 Agu
Puma plastic warna warni second original keren size 43;Rp 700.000;/item/puma-plastic-warna-warni-second-original-keren-size-43-iid-924841602;Karang Tengah, Tangerang Kota;23 Agu
Sepatu/Sneakers Pria Puma Original Putih;Rp 295.000;/item/sepatusneakers-pria-puma-original-putih-iid-924840064;Tanjung Duren, Jakarta Barat;23 Agu
Sepatu puma size 44;Rp 130.000;/item/sepatu-puma-size-44-iid-923568989;Cimanggis, Depok Kota;23 Agu
PUMA Suede Classic XXI;Rp 750.000;/item/puma-suede-classic-xxi-iid-924838174;Grogol Petamburan, Jakarta Barat;23 Agu
Sepatu Puma CA Pro P University Trainer sz 40,5-41 Ori;Rp 300.000;/item/sepatu-puma-ca-pro-p-university-trainer-sz-405-41-ori-iid-922280869;Cilodong, Depok Kota;23 Agu
PUMA suede BNIB;Rp 600.000;/item/puma-suede-bnib-iid-804175574;Koja, Jakarta Utara;23 Agu
Original Puma Suede Shoes X Batman;Rp 3.000.000;/item/original-puma-suede-shoes-x-batman-iid-911401453;Pondok Aren, Tangerang Selatan Kota;23 Agu
Puma retaliate block - puma black;Rp 399.000;/item/puma-retaliate-block-puma-black-iid-920718305;Parung, Bogor Kab.;23 Agu
Sepatu bola Puma Future Netfit Orange academy;Rp 400.000;/item/sepatu-bola-puma-future-netfit-orange-academy-iid-913106914;Semarang Utara, Semarang Kota;23 Agu
Sepatu bola puma tacto II fg/ag;Rp 400.000;/item/sepatu-bola-puma-tacto-ii-fgag-iid-902741754;Semarang Utara, Semarang Kota;23 Agu
Sepatu bola Puma Ultra 4.4 academy;Rp 450.000;/item/sepatu-bola-puma-ultra-44-academy-iid-913108485;Semarang Utara, Semarang Kota;23 Agu
Sepatu Basket Bekas Puma;Rp 750.000;/item/sepatu-basket-bekas-puma-iid-921295720;Bandung Kulon, Bandung Kota;22 Agu
Sepatu Puma kulit ori sz 44;Rp 200.000;/item/sepatu-puma-kulit-ori-sz-44-iid-916134708;Kalideres, Jakarta Barat;22 Agu
Turun harga - Sepatu puma insole 27,5cm;Rp 900.000;/item/turun-harga-sepatu-puma-insole-275cm-iid-922393976;Taman Sari, Jakarta Barat;22 Agu
Puma x Les Benjamins : Cell Alien;Rp 1.100.000;/item/puma-x-les-benjamins-cell-alien-iid-867200630;Bogor Barat - Kota, Bogor Kota;22 Agu
PUMA SLIP ON (LILAC, SIZE 39);Rp 650.000;/item/puma-slip-on-lilac-size-39-iid-924825484;Dukuh Pakis, Surabaya Kota;22 Agu
SEPATU PUMA CASUAL;Rp 170.000;/item/sepatu-puma-casual-iid-924824677;Patrang, Jember Kab.;22 Agu
Fs Puma rider fv pikachu Ori;Rp 750.000;/item/fs-puma-rider-fv-pikachu-ori-iid-920273226;Pamulang, Tangerang Selatan Kota;22 Agu
Sepatu Running Puma FTR Connect Sz 45;Rp 300.000;/item/sepatu-running-puma-ftr-connect-sz-45-iid-924817090;Pancoran Mas, Depok Kota;22 Agu
SEPATU PUMA ULTRA ULTIMATE ELITE CAGE TURF;Rp 1.000.000;/item/sepatu-puma-ultra-ultimate-elite-cage-turf-iid-917552740;Lueng Bata, Banda Aceh Kota;22 Agu
Sepatu Futsal Puma;Rp 100.000;/item/sepatu-futsal-puma-iid-924816266;Bekasi Timur, Bekasi Kota;22 Agu
Sepatu futsal puma ultra;Rp 300.000;/item/sepatu-futsal-puma-ultra-iid-924805004;Langkapura, Bandar Lampung Kota;22 Agu
Sepatu Puma Anak;Rp 225.000;/item/sepatu-puma-anak-iid-924799624;Pondok Aren, Tangerang Selatan Kota;22 Agu
Puma suede hitam;Rp 220.000;/item/puma-suede-hitam-iid-910528556;Sumur Bandung, Bandung Kota;22 Agu
Sepatu puma running original;Rp 750.000;/item/sepatu-puma-running-original-iid-923516819;Cibinong, Bogor Kab.;22 Agu
SEPATU PUMA BLACK WHITE;Rp 1.100.000;/item/sepatu-puma-black-white-iid-924797557;Medan Tembung, Medan Kota;22 Agu
Sepatu Puma Pacer Future Street;Rp 600.000;/item/sepatu-puma-pacer-future-street-iid-921986980;Ngamprah, Bandung Barat Kab.;22 Agu
Sepatu Puma Ceetah original second;Rp 200.000;/item/sepatu-puma-ceetah-original-second-iid-924791353;Pamulang, Tangerang Selatan Kota;22 Agu
Sepatu Sneakers Pria PUMA SUEDE CLASSIC XXI 37491504 ORIGINAL SECOND;Rp 250.000;/item/sepatu-sneakers-pria-puma-suede-classic-xxi-37491504-original-second-iid-924791268;Pamulang, Tangerang Selatan Kota;22 Agu
Puma Nrgy Comet Men Running Shoes Blue Yellow;Rp 375.000;/item/puma-nrgy-comet-men-running-shoes-blue-yellow-iid-923506564;Serengan, Surakarta Kota;22 Agu
Puma Nrgy Driver Men Running Shoes Red;Rp 400.000;/item/puma-nrgy-driver-men-running-shoes-red-iid-923506616;Serengan, Surakarta Kota;22 Agu
For Sale Puma SF Selezione Rosso Corsa, Size EU 43 Brand New In Box;Rp 900.000;/item/for-sale-puma-sf-selezione-rosso-corsa-size-eu-43-brand-new-in-box-iid-836347259;Pasar Minggu, Jakarta Selatan;22 Agu
Sepatu sport merk puma harga terjangkau bisa nego ukuran 43/44;Rp 230.000;/item/sepatu-sport-merk-puma-harga-terjangkau-bisa-nego-ukuran-4344-iid-922135840;Matraman, Jakarta Timur;22 Agu
Sepatu Puma Smash V2L;Rp 670.000;/item/sepatu-puma-smash-v2l-iid-916031839;Kebayoran Baru, Jakarta Selatan;22 Agu
SEPATU SEPAK BOLA PUMA ULTRA;Rp 250.000;/item/sepatu-sepak-bola-puma-ultra-iid-903197409;Jagakarsa, Jakarta Selatan;22 Agu
PUMA NRGY NEKO ENGINEER KNIT ORIGINAL (191097 20);Rp 450.000;/item/puma-nrgy-neko-engineer-knit-original-191097-20-iid-837443198;Cilincing, Jakarta Utara;22 Agu
PUMA SMASH V2 MID;Rp 180.000;/item/puma-smash-v2-mid-iid-921132662;Tebet, Jakarta Selatan;22 Agu
Sneaker puma original putih 41;Rp 900.000;/item/sneaker-puma-original-putih-41-iid-918734619;Baiturrahman, Banda Aceh Kota;21 Agu
Puma Basket Classic XXI second;Rp 200.000;/item/puma-basket-classic-xxi-second-iid-898281815;Tembalang, Semarang Kota;21 Agu
Sepatu Puma Suede Biru Blue ORIGINAL Size 41  | 26,5cm;Rp 450.000;/item/sepatu-puma-suede-biru-blue-original-size-41-265cm-iid-897639112;Pesanggrahan, Jakarta Selatan;21 Agu
PUMA X-Ray New Original Sepatu Sneakers, White-Gray Violet;Rp 700.000;/item/puma-x-ray-new-original-sepatu-sneakers-white-gray-violet-iid-912134999;Balikpapan Selatan, Balikpapan Kota;21 Agu
Puma Rs³-x super;Rp 650.000;/item/puma-rs-x-super-iid-924777686;Medan Satria, Bekasi Kota;21 Agu
Sepatu sepak bola puma original;Rp 700.000;/item/sepatu-sepak-bola-puma-original-iid-924777507;Bekasi Jaya, Bekasi Kab.;21 Agu
PUMA Slipstream Xtreme (ORIGINAL) - Ex Foot Locker, Grand Indonesia;Rp 1.000.000;/item/puma-slipstream-xtreme-original-ex-foot-locker-grand-indonesia-iid-923413747;Cileungsi, Bogor Kab.;21 Agu
