title;price;url_listing;posting_date;kelurahan;kabupaten_kota
PUMA BASKET White;135000;https://olx.co.id/item/puma-basket-white-iid-916653964;2024-09-01 00:00:00;Citayam;Depok Kota
Sepatu Futsal Puma Ultra 4.1 IT Size 43;230000;https://olx.co.id/item/sepatu-futsal-puma-ultra-41-it-size-43-iid-921516128;2024-09-01 00:00:00;Kelapa Dua;Tangerang Kab.
Puma Smash V2 White Black;800000;https://olx.co.id/item/puma-smash-v2-white-black-iid-925497255;2024-09-01 00:00:00;Bekasi Selatan;Bekasi Kota
sepatu futsal puma future 19,3 netfit it;300000;https://olx.co.id/item/sepatu-futsal-puma-future-193-netfit-it-iid-918731388;2024-09-01 00:00:00;Bojongloa Kaler;Bandung Kota
Puma Men's Caracal Sneaker 37030412;600000;https://olx.co.id/item/puma-mens-caracal-sneaker-37030412-iid-922628843;2024-09-01 00:00:00;Kebon Jeruk;Jakarta Barat
Puma Suede Classic 35263464;600000;https://olx.co.id/item/puma-suede-classic-35263464-iid-922627557;2024-09-01 00:00:00;Kebon Jeruk;Jakarta Barat
Sepatu Sneakers Pria Puma Shuffle Mid Black Gray Gold Size 43 Original;750000;https://olx.co.id/item/sepatu-sneakers-pria-puma-shuffle-mid-black-gray-gold-size-43-original-iid-922424969;2024-09-01 00:00:00;Parung Kuda;Sukabumi Kab.
Sepatu Lari Running Puma Deviate Nitro 2 (size 38 / 24cm);1300000;https://olx.co.id/item/sepatu-lari-running-puma-deviate-nitro-2-size-38-24cm-iid-925482462;2024-09-01 00:00:00;Bogor Kota;Jawa Barat
Sepatu PUMA gold series;250000;https://olx.co.id/item/sepatu-puma-gold-series-iid-925479747;2024-09-01 00:00:00;Grogol Petamburan;Jakarta Barat
Puma Suede Classic XXI;800000;https://olx.co.id/item/puma-suede-classic-xxi-iid-925478452;2024-09-01 00:00:00;Cipondoh;Tangerang Kota
Sepatu Bola Puma Future 7 Play TT;500000;https://olx.co.id/item/sepatu-bola-puma-future-7-play-tt-iid-924164856;2024-09-01 00:00:00;Medan Barat;Medan Kota
sepatu futsal puma truco III;400000;https://olx.co.id/item/sepatu-futsal-puma-truco-iii-iid-925477426;2024-09-01 00:00:00;Pesanggrahan;Jakarta Selatan
sepatu futsal puma truco III;400000;https://olx.co.id/item/sepatu-futsal-puma-truco-iii-iid-925477298;2024-09-01 00:00:00;Pesanggrahan;Jakarta Selatan
Sepatu anak merk puma;100000;https://olx.co.id/item/sepatu-anak-merk-puma-iid-918116439;2024-09-01 00:00:00;Mlati;Sleman Kab.
Sepatu futsal puma future;300000;https://olx.co.id/item/sepatu-futsal-puma-future-iid-925475254;2024-09-01 00:00:00;Depok;Sleman Kab.
Sepatu import Puma size 39 mulus;200000;https://olx.co.id/item/sepatu-import-puma-size-39-mulus-iid-925471532;2024-09-01 00:00:00;Bekasi Utara;Bekasi Kota
Puma RS-X Bold women;250000;https://olx.co.id/item/puma-rs-x-bold-women-iid-924203407;2024-09-01 00:00:00;Pancoran Mas;Depok Kota
Sepatu futsal Puma Future;500000;https://olx.co.id/item/sepatu-futsal-puma-future-iid-925466607;2024-09-01 00:00:00;Cilandak;Jakarta Selatan
Puma miragesport flanel;600000;https://olx.co.id/item/puma-miragesport-flanel-iid-924073502;2024-09-01 00:00:00;Rawalumbu;Bekasi Kota
Sepatu Puma Ori series BMW;600000;https://olx.co.id/item/sepatu-puma-ori-series-bmw-iid-925464329;2024-09-01 00:00:00;Panakkukang;Makassar Kota
Puma Slipstream Ori Size 43 (28cm);700000;https://olx.co.id/item/puma-slipstream-ori-size-43-28cm-iid-925463958;2024-09-01 00:00:00;Kebayoran Lama;Jakarta Selatan
PUMA Style Rider Ride On;449900;https://olx.co.id/item/puma-style-rider-ride-on-iid-917250589;2024-09-01 00:00:00;Pagedangan;Tangerang Kab.
Sneakers Puma Future Rider;1000000;https://olx.co.id/item/sneakers-puma-future-rider-iid-924158428;2024-09-01 00:00:00;HR Muhammad;Surabaya Kota
PUMA RS-D Super Mario Galaxy Lace-Up Black Synthetic;1500000;https://olx.co.id/item/puma-rs-d-super-mario-galaxy-lace-up-black-synthetic-iid-922828536;2024-09-01 00:00:00;Lembang;Bandung Barat Kab.
sepatu puma x rip ndi;1500000;https://olx.co.id/item/sepatu-puma-x-rip-ndi-iid-919585181;2024-09-01 00:00:00;Ciputat Timur;Tangerang Selatan Kota
Sepatu Second Puma;550000;https://olx.co.id/item/sepatu-second-puma-iid-925459005;2024-09-01 00:00:00;Kalidoni;Palembang Kota
Puma need for speed heat;1000000;https://olx.co.id/item/puma-need-for-speed-heat-iid-923768528;2024-08-31 00:00:00;Sukaraja;Bogor Kab.
Like new .authentic sepatu .sneakers puma BMW size 42;1300000;https://olx.co.id/item/like-new-authentic-sepatu-sneakers-puma-bmw-size-42-iid-901667608;2024-08-31 00:00:00;Kebayoran Lama;Jakarta Selatan
Sepatu Puma Original;800000;https://olx.co.id/item/sepatu-puma-original-iid-917076383;2024-08-31 00:00:00;Kedungkandang;Malang Kota
Sepatu casual puma bmw motosport;750000;https://olx.co.id/item/sepatu-casual-puma-bmw-motosport-iid-925451183;2024-08-31 00:00:00;Setia Budi;Jakarta Selatan
Sepatu Bola PUMA ULTRA PLAY FG/AG;700000;https://olx.co.id/item/sepatu-bola-puma-ultra-play-fgag-iid-925449381;2024-08-31 00:00:00;Cibinong;Bogor Kab.
Sepatu Futsal Pria Puma Ultra Play It Biru Original size 42.5;400000;https://olx.co.id/item/sepatu-futsal-pria-puma-ultra-play-it-biru-original-size-425-iid-925448329;2024-08-31 00:00:00;Rancasari;Bandung Kota
PUMA sport Shoes;499000;https://olx.co.id/item/puma-sport-shoes-iid-923585967;2024-08-31 00:00:00;Ciracas;Jakarta Timur
SEPATU PUMA ELMO EDITION;150000;https://olx.co.id/item/sepatu-puma-elmo-edition-iid-921336867;2024-08-31 00:00:00;Duren Sawit;Jakarta Timur
Sepatu puma future z;700000;https://olx.co.id/item/sepatu-puma-future-z-iid-922662968;2024-08-31 00:00:00;Baleendah;Bandung Kab.
Sepatu/sneakers Puma putih (wanita);129000;https://olx.co.id/item/sepatusneakers-puma-putih-wanita-iid-925438522;2024-08-31 00:00:00;Cakung;Jakarta Timur
Puma Smash v2 L White Size 43 New Original;450000;https://olx.co.id/item/puma-smash-v2-l-white-size-43-new-original-iid-925436751;2024-08-31 00:00:00;Sumur Bandung;Bandung Kota
Puma size EUR 36, 22,5 CM , bahan suede mix kulit;650000;https://olx.co.id/item/puma-size-eur-36-225-cm-bahan-suede-mix-kulit-iid-912482290;2024-08-31 00:00:00;Jagakarsa;Jakarta Selatan
Sepatu Putih Puma;200000;https://olx.co.id/item/sepatu-putih-puma-iid-923517532;2024-08-31 00:00:00;Bogor Barat - Kota;Bogor Kota
Sepatu Puma Baru,Size 43;1000000;https://olx.co.id/item/sepatu-puma-barusize-43-iid-918777041;2024-08-31 00:00:00;Pulo Gadung;Jakarta Timur
Sepatu puma baru sekali pakai unisex;999999;https://olx.co.id/item/sepatu-puma-baru-sekali-pakai-unisex-iid-924033510;2024-08-31 00:00:00;Pesanggrahan;Jakarta Selatan
Puma x Ferrari Shoes;1100000;https://olx.co.id/item/puma-x-ferrari-shoes-iid-922794780;2024-08-31 00:00:00;Sawangan;Depok Kota
Puma low full black;285000;https://olx.co.id/item/puma-low-full-black-iid-925426804;2024-08-31 00:00:00;Kiaracondong;Bandung Kota
Sepatu puma suede 43 ori;600000;https://olx.co.id/item/sepatu-puma-suede-43-ori-iid-922554184;2024-08-31 00:00:00;Jagakarsa;Jakarta Selatan
PUMA SHOES VIKKY RIBBON, PUMA BLACK RUNNING;320000;https://olx.co.id/item/puma-shoes-vikky-ribbon-puma-black-running-iid-885448238;2024-08-31 00:00:00;Cikarang Utara;Bekasi Kab.
Puma Rebound Joy Low Trainers;600000;https://olx.co.id/item/puma-rebound-joy-low-trainers-iid-925421081;2024-08-31 00:00:00;Banyumanik;Semarang Kota
Puma Mayze Stack Cord Wns Sneaker;1000000;https://olx.co.id/item/puma-mayze-stack-cord-wns-sneaker-iid-922361692;2024-08-31 00:00:00;Kenjeran;Surabaya Kota
Sepatu basket puma clyde all pro melo us11 vnds;1200000;https://olx.co.id/item/sepatu-basket-puma-clyde-all-pro-melo-us11-vnds-iid-922747184;2024-08-31 00:00:00;Cipondoh;Tangerang Kota
Sepatu PUMA BASKET PLATFORM SCALLOP;212000;https://olx.co.id/item/sepatu-puma-basket-platform-scallop-iid-922801010;2024-08-30 00:00:00;Kemuning;Palembang Kota
Adidas Munchen dan puma;250000;https://olx.co.id/item/adidas-munchen-dan-puma-iid-925413503;2024-08-30 00:00:00;Pasar Kemis;Tangerang Kab.
Sepatu puma tr22 soft foam original;700000;https://olx.co.id/item/sepatu-puma-tr22-soft-foam-original-iid-818736137;2024-08-29 00:00:00;Buahbatu (Margacinta);Bandung Kota
Sneakers Puma Caven;650000;https://olx.co.id/item/sneakers-puma-caven-iid-916685799;2024-08-29 00:00:00;Ciputat Timur;Tangerang Selatan Kota
Puma mens size 42.5;450000;https://olx.co.id/item/puma-mens-size-425-iid-923794242;2024-08-29 00:00:00;Tebet;Jakarta Selatan
SEPATU ANAK / SEPATU NEW BALANCE PUMA ADIDAS ANAK;150000;https://olx.co.id/item/sepatu-anak-sepatu-new-balance-puma-adidas-anak-iid-925401951;2024-08-29 00:00:00;Bojongsoang;Bandung Kab.
sepatu puma trinomic;100000;https://olx.co.id/item/sepatu-puma-trinomic-iid-923627841;2024-08-29 00:00:00;Pamulang;Tangerang Selatan Kota
Puma RS-X³ PUZZLE;500000;https://olx.co.id/item/puma-rs-x-puzzle-iid-925398711;2024-08-29 00:00:00;Klojen;Malang Kota
Puma Thunder Original Size 43;600000;https://olx.co.id/item/puma-thunder-original-size-43-iid-925398226;2024-08-29 00:00:00;Ilir Barat II;Palembang Kota
Sepatu puma Fast-Trac NITRO Men's Trail Running Shoes;1100000;https://olx.co.id/item/sepatu-puma-fast-trac-nitro-mens-trail-running-shoes-iid-922637895;2024-08-29 00:00:00;Kartasura;Sukoharjo Kab.
Puma thunder spectra;600000;https://olx.co.id/item/puma-thunder-spectra-iid-925388777;2024-08-29 00:00:00;Bukit Kecil;Palembang Kota
Sepatu Puma Eco Ortholite;250000;https://olx.co.id/item/sepatu-puma-eco-ortholite-iid-925388712;2024-08-29 00:00:00;Cakung;Jakarta Timur
Puma Amare Softfoam;500000;https://olx.co.id/item/puma-amare-softfoam-iid-925385270;2024-08-29 00:00:00;Matraman;Jakarta Timur
Puma x The Murfs sz 43 Original;550000;https://olx.co.id/item/puma-x-the-murfs-sz-43-original-iid-925381288;2024-08-29 00:00:00;Pancoran;Jakarta Selatan
Sepatu PUMA warna putih plat hitam kulit asli No.42;230000;https://olx.co.id/item/sepatu-puma-warna-putih-plat-hitam-kulit-asli-no42-iid-908664950;2024-08-29 00:00:00;Bogor Tengah - Kota;Bogor Kota
sepatu puma suede;350000;https://olx.co.id/item/sepatu-puma-suede-iid-925377463;2024-08-29 00:00:00;Karangmojo;Gunung Kidul Kab.
Sepatu ori Puma Basket;400000;https://olx.co.id/item/sepatu-ori-puma-basket-iid-925374940;2024-08-29 00:00:00;Antapani (Cicadas);Bandung Kota
Puma Flyer Runner Femme Women's Black Lotus Size 38 New Ori Murah Nego;399000;https://olx.co.id/item/puma-flyer-runner-femme-womens-black-lotus-size-38-new-ori-murah-nego-iid-910727837;2024-08-29 00:00:00;Prambanan;Sleman Kab.
Puma Ralph Samson MID;575000;https://olx.co.id/item/puma-ralph-samson-mid-iid-923700994;2024-08-28 00:00:00;Bumi Serpong Damai;Tangerang Selatan Kota
Sepatu puma RED Ferrari like new murah;650000;https://olx.co.id/item/sepatu-puma-red-ferrari-like-new-murah-iid-924001312;2024-08-28 00:00:00;Tambora;Jakarta Barat
Sepatu Puma Suede size 42 kondisi 90% - Nego;200000;https://olx.co.id/item/sepatu-puma-suede-size-42-kondisi-90-nego-iid-925357779;2024-08-28 00:00:00;Bojongsoang;Bandung Kab.
Sepatu lari/running Puma Profoam size 42,5 Kondisi 95% - Nego;450000;https://olx.co.id/item/sepatu-larirunning-puma-profoam-size-425-kondisi-95-nego-iid-925357621;2024-08-28 00:00:00;Bojongsoang;Bandung Kab.
Sepatu puma suede size 39;160000;https://olx.co.id/item/sepatu-puma-suede-size-39-iid-925349676;2024-08-28 00:00:00;Makasar;Jakarta Timur
Puma colabs Ralph Sampson Original size 43;450000;https://olx.co.id/item/puma-colabs-ralph-sampson-original-size-43-iid-922120597;2024-08-28 00:00:00;Kelapa Gading;Jakarta Utara
Sepatu Puma ori;250000;https://olx.co.id/item/sepatu-puma-ori-iid-921302278;2024-08-28 00:00:00;Purwakarta;Purwakarta Kab.
Puma high breaker black sz43/28;450000;https://olx.co.id/item/puma-high-breaker-black-sz4328-iid-925340604;2024-08-28 00:00:00;Pamulang;Tangerang Selatan Kota
Sepatu Puma Blue Navy;295000;https://olx.co.id/item/sepatu-puma-blue-navy-iid-912645299;2024-08-28 00:00:00;Duren Sawit;Jakarta Timur
Puma Suede Red Size 42.5;680000;https://olx.co.id/item/puma-suede-red-size-425-iid-912739707;2024-08-27 00:00:00;Jagakarsa;Jakarta Selatan
Sepatu bekas SportLifeStyle PUMA FERRARI Original;498000;https://olx.co.id/item/sepatu-bekas-sportlifestyle-puma-ferrari-original-iid-900004351;2024-08-27 00:00:00;Penjaringan;Jakarta Utara
Sepatu Bola Puma Ultra;450000;https://olx.co.id/item/sepatu-bola-puma-ultra-iid-916391762;2024-08-27 00:00:00;Kemayoran;Jakarta Pusat
Sepatu Second Original / Puma Cabana Racer II;300000;https://olx.co.id/item/sepatu-second-original-puma-cabana-racer-ii-iid-924030653;2024-08-27 00:00:00;Depok Kota;Jawa Barat
Sepatu casual puma ferrari original resmi;599000;https://olx.co.id/item/sepatu-casual-puma-ferrari-original-resmi-iid-922101171;2024-08-27 00:00:00;Bekasi Barat;Bekasi Kota
Puma future street original;550000;https://olx.co.id/item/puma-future-street-original-iid-922101404;2024-08-27 00:00:00;Duren Sawit;Jakarta Timur
Sepatu Puma Ferrari Kart Cat III Roso Corsa;720000;https://olx.co.id/item/sepatu-puma-ferrari-kart-cat-iii-roso-corsa-iid-872959769;2024-08-27 00:00:00;Balongbendo;Sidoarjo  Kab.
Sepatu bola mini soccer PUMA ULTRA MATCH BLACK size 41;700000;https://olx.co.id/item/sepatu-bola-mini-soccer-puma-ultra-match-black-size-41-iid-913122614;2024-08-27 00:00:00;Larangan;Tangerang Kota
Sepatu Puma dan Under Armour;450000;https://olx.co.id/item/sepatu-puma-dan-under-armour-iid-910744397;2024-08-27 00:00:00;Duren Sawit;Jakarta Timur
Puma Casual High;280000;https://olx.co.id/item/puma-casual-high-iid-925321183;2024-08-27 00:00:00;Tebet;Jakarta Selatan
Puma kets Shoes size 43;800000;https://olx.co.id/item/puma-kets-shoes-size-43-iid-910680766;2024-08-27 00:00:00;Waru;Sidoarjo  Kab.
PUMA sepatu SultanbInternasional  Prelove  Branded  Size 40/25 .5Cm/;265000;https://olx.co.id/item/puma-sepatu-sultanbinternasional-prelove-branded-size-4025-5cm-iid-925318740;2024-08-27 00:00:00;Rawalumbu;Bekasi Kota
Sepatu sandal anak, PUMA Aquacat (biru kuning) size 19;135000;https://olx.co.id/item/sepatu-sandal-anak-puma-aquacat-biru-kuning-size-19-iid-914431266;2024-08-27 00:00:00;Limo;Depok Kota
PUMA ORIGINAL SEPATU ANAK CEWEK ORIGINAL PUMA;200000;https://olx.co.id/item/puma-original-sepatu-anak-cewek-original-puma-iid-925316784;2024-08-27 00:00:00;Rancaekek;Bandung Kab.
puma platform trace peacout suede;250000;https://olx.co.id/item/puma-platform-trace-peacout-suede-iid-925316373;2024-08-27 00:00:00;Sumur Bandung;Bandung Kota
Sepatu Puma Suede secondbrand;290000;https://olx.co.id/item/sepatu-puma-suede-secondbrand-iid-925316153;2024-08-27 00:00:00;Coblong;Bandung Kota
PUMA ULTRA MATCH IT - SIZE 40 EUR (SEPATU FUTSAL);440000;https://olx.co.id/item/puma-ultra-match-it-size-40-eur-sepatu-futsal-iid-925313356;2024-08-27 00:00:00;Bojongloa Kidul;Bandung Kota
Puma x xlarge size 42/270;170000;https://olx.co.id/item/puma-x-xlarge-size-42270-iid-925312303;2024-08-27 00:00:00;Sukajadi;Bandung Kota
Sepatu Puma Jogging Sneackers;325000;https://olx.co.id/item/sepatu-puma-jogging-sneackers-iid-925311908;2024-08-27 00:00:00;Kejaksan;Cirebon Kota
Sepatu running puma;500000;https://olx.co.id/item/sepatu-running-puma-iid-904688501;2024-08-27 00:00:00;Lengkong;Bandung Kota
Puma Running Shoes Wanita Sepatu Lari Original Murah;750000;https://olx.co.id/item/puma-running-shoes-wanita-sepatu-lari-original-murah-iid-925306032;2024-08-27 00:00:00;Bandung Kulon;Bandung Kota
puma collab sankuanz;350000;https://olx.co.id/item/puma-collab-sankuanz-iid-925304315;2024-08-27 00:00:00;Sumur Bandung;Bandung Kota
Sepatu Running Puma Flyer Runner Original;550000;https://olx.co.id/item/sepatu-running-puma-flyer-runner-original-iid-923834190;2024-08-27 00:00:00;Margaasih;Bandung Kab.
Outsole sepatu futsal turf Puma;45000;https://olx.co.id/item/outsole-sepatu-futsal-turf-puma-iid-922084047;2024-08-27 00:00:00;Sawahan;Surabaya Kota
Puma Prime Future Rider Play On BNIB;699999;https://olx.co.id/item/puma-prime-future-rider-play-on-bnib-iid-862532484;2024-08-27 00:00:00;Pamulang;Tangerang Selatan Kota
Jual sepatu PUMA High Cewek;135000;https://olx.co.id/item/jual-sepatu-puma-high-cewek-iid-925294707;2024-08-27 00:00:00;Jambangan;Surabaya Kota
Sepatu Lari Puma Velocity Nitro 2 run;650000;https://olx.co.id/item/sepatu-lari-puma-velocity-nitro-2-run-iid-925293719;2024-08-27 00:00:00;Kejaksan;Cirebon Kota
Puma Roma Leather Pink;200000;https://olx.co.id/item/puma-roma-leather-pink-iid-914811590;2024-08-27 00:00:00;Penjaringan;Jakarta Utara
Sepatu puma suede 43 ori;600000;https://olx.co.id/item/sepatu-puma-suede-43-ori-iid-925292560;2024-08-27 00:00:00;Pancoran Mas;Depok Kota
Sepatu Futsal Puma Future Orange Hitam;500000;https://olx.co.id/item/sepatu-futsal-puma-future-orange-hitam-iid-925292183;2024-08-27 00:00:00;Denpasar Selatan;Denpasar Kota
Sepatu Puma Ungu Ladies;250000;https://olx.co.id/item/sepatu-puma-ungu-ladies-iid-917179853;2024-08-27 00:00:00;Duren Sawit;Jakarta Timur
Sepatu Running Puma Deviate Nitro Elite 2;1600000;https://olx.co.id/item/sepatu-running-puma-deviate-nitro-elite-2-iid-925285232;2024-08-27 00:00:00;Bekasi Barat;Bekasi Kota
Puma Disc Rebirth Porsche Design Original 100% Baru Size 43 (28 cm);1250000;https://olx.co.id/item/puma-disc-rebirth-porsche-design-original-100-baru-size-43-28-cm-iid-918412394;2024-08-27 00:00:00;Sako;Palembang Kota
Sepatu Puma Tsugi Blaze Black White;250000;https://olx.co.id/item/sepatu-puma-tsugi-blaze-black-white-iid-922652084;2024-08-27 00:00:00;Margahayu;Bandung Kab.
Jual sepatu Puma Cell Kilter Athletic Sneakers Shoes original;200000;https://olx.co.id/item/jual-sepatu-puma-cell-kilter-athletic-sneakers-shoes-original-iid-917404637;2024-08-27 00:00:00;Karawaci;Tangerang Kota
Sepatu Puma natural harga 450;450000;https://olx.co.id/item/sepatu-puma-natural-harga-450-iid-914315252;2024-08-27 00:00:00;Pamulang;Tangerang Selatan Kota
Sepatu Bola Puma Future Ulimate FG/AG;1500000;https://olx.co.id/item/sepatu-bola-puma-future-ulimate-fgag-iid-921551008;2024-08-26 00:00:00;Bojongloa Kaler;Bandung Kota
Puma Dexter’s labatory Mb.03 Sepatu;900000;https://olx.co.id/item/puma-dexters-labatory-mb03-sepatu-iid-923479644;2024-08-26 00:00:00;Pantai Indah Kapuk;Jakarta Utara
Puma select les benjamins;799999;https://olx.co.id/item/puma-select-les-benjamins-iid-882228335;2024-08-26 00:00:00;Cimanggis;Depok Kota
Puma 42,5 original;370000;https://olx.co.id/item/puma-425-original-iid-925275273;2024-08-26 00:00:00;Bekasi Barat;Bekasi Kota
Sepatu bola puma KING elite;1250000;https://olx.co.id/item/sepatu-bola-puma-king-elite-iid-925269441;2024-08-26 00:00:00;Bogor Tengah - Kota;Bogor Kota
Dijual Sepatu Bola Puma Future Ultimate FG (Baru);1450000;https://olx.co.id/item/dijual-sepatu-bola-puma-future-ultimate-fg-baru-iid-925267424;2024-08-26 00:00:00;Kramat Jati;Jakarta Timur
Sepatu Puma Warna Hitam;129900;https://olx.co.id/item/sepatu-puma-warna-hitam-iid-896244141;2024-08-26 00:00:00;Limo;Depok Kota
Puma TRC BLAZE Peach Size 43;650000;https://olx.co.id/item/puma-trc-blaze-peach-size-43-iid-914960668;2024-08-26 00:00:00;Pancoran;Jakarta Selatan
PUMA RALPH SAMPSON SNEAKERS PUTIH ORI;700000;https://olx.co.id/item/puma-ralph-sampson-sneakers-putih-ori-iid-922617831;2024-08-26 00:00:00;Tegalrejo;Yogyakarta Kota
sepatu Puma Ignite;250000;https://olx.co.id/item/sepatu-puma-ignite-iid-916971301;2024-08-26 00:00:00;Kramat Jati;Jakarta Timur
Sepatu puma TRINOMIC original slip on size 43;250000;https://olx.co.id/item/sepatu-puma-trinomic-original-slip-on-size-43-iid-920830333;2024-08-26 00:00:00;Cibodas;Tangerang Kota
SEPATU PUMA FULLBLACK ORIGINAL;310000;https://olx.co.id/item/sepatu-puma-fullblack-original-iid-925260763;2024-08-26 00:00:00;Sukarame;Bandar Lampung Kota
Sepatu Puma Sparco;300000;https://olx.co.id/item/sepatu-puma-sparco-iid-921215024;2024-08-26 00:00:00;Bekasi Barat;Bekasi Kota
Sepatu Puma smash v2 L white amazone green 365215-36;700000;https://olx.co.id/item/sepatu-puma-smash-v2-l-white-amazone-green-365215-36-iid-922617200;2024-08-26 00:00:00;Cilandak;Jakarta Selatan
SEPATU BOLA NIKE PHANTOM GX ACADEMY PUMA FUTURE MATCH;500000;https://olx.co.id/item/sepatu-bola-nike-phantom-gx-academy-puma-future-match-iid-925257195;2024-08-26 00:00:00;Pasar Minggu;Jakarta Selatan
PUMA.   No. 38.   Ori;350000;https://olx.co.id/item/puma-no-38-ori-iid-922897178;2024-08-26 00:00:00;Semampir;Surabaya Kota
Puma Slipstream Lo;1500000;https://olx.co.id/item/puma-slipstream-lo-iid-919107923;2024-08-26 00:00:00;Duren Sawit;Jakarta Timur
Puma Rebound Lay Up Lo SL White-Green;600000;https://olx.co.id/item/puma-rebound-lay-up-lo-sl-white-green-iid-925245127;2024-08-26 00:00:00;Sawahan;Surabaya Kota
Sepatu BIG SiZE Puma size 46;550000;https://olx.co.id/item/sepatu-big-size-puma-size-46-iid-912458598;2024-08-26 00:00:00;Bekasi Selatan;Bekasi Kota
Sepatu Futsal Puma Ultra 4.1 Original;450000;https://olx.co.id/item/sepatu-futsal-puma-ultra-41-original-iid-892494269;2024-08-26 00:00:00;Mampang Prapatan;Jakarta Selatan
Sepatu Puma Clyde Clydezilla MIJ (Made in Japan);900000;https://olx.co.id/item/sepatu-puma-clyde-clydezilla-mij-made-in-japan-iid-922143859;2024-08-26 00:00:00;Kiaracondong;Bandung Kota
Sepatu olah raga  puma ukuran 39;200000;https://olx.co.id/item/sepatu-olah-raga-puma-ukuran-39-iid-759935100;2024-08-26 00:00:00;Pamulang;Tangerang Selatan Kota
Puma clyde hardwood team white;349000;https://olx.co.id/item/puma-clyde-hardwood-team-white-iid-921407606;2024-08-26 00:00:00;Pancoran;Jakarta Selatan
Puma thunder spectra whisper white;299000;https://olx.co.id/item/puma-thunder-spectra-whisper-white-iid-921702838;2024-08-26 00:00:00;Johar Baru;Jakarta Pusat
Puma Clyde OG Suede, Original, 1x Fitting, Langka, Koleksi Gak Kepake;800000;https://olx.co.id/item/puma-clyde-og-suede-original-1x-fitting-langka-koleksi-gak-kepake-iid-925238907;2024-08-25 00:00:00;Cempaka Putih;Jakarta Pusat
Sepatu puma 1948 Mid L;500000;https://olx.co.id/item/sepatu-puma-1948-mid-l-iid-904320793;2024-08-25 00:00:00;Lakarsantri;Surabaya Kota
Puma RS-X Efekt PRM, Original, 1x Fitting, Koleksi Gak Kepake;800000;https://olx.co.id/item/puma-rs-x-efekt-prm-original-1x-fitting-koleksi-gak-kepake-iid-925238028;2024-08-25 00:00:00;Cempaka Putih;Jakarta Pusat
Sepatu Puma Ori;750000;https://olx.co.id/item/sepatu-puma-ori-iid-925235523;2024-08-25 00:00:00;Gubeng;Surabaya Kota
Sepatu Bola Puma Future 7 Play;600000;https://olx.co.id/item/sepatu-bola-puma-future-7-play-iid-925234525;2024-08-25 00:00:00;Pajang;Surakarta Kota
Sepatu Puma (new) yg sayang suami;350000;https://olx.co.id/item/sepatu-puma-new-yg-sayang-suami-iid-884490637;2024-08-25 00:00:00;Balaraja;Tangerang Kab.
Sepatu Puma BMW Cat Drift;275000;https://olx.co.id/item/sepatu-puma-bmw-cat-drift-iid-921285259;2024-08-25 00:00:00;Tapos;Depok Kota
Sneakers Puma Blue Like New 99,99%;250000;https://olx.co.id/item/sneakers-puma-blue-like-new-9999-iid-925230633;2024-08-25 00:00:00;Denpasar Selatan;Denpasar Kota
Puma tx-3 vietnam;175000;https://olx.co.id/item/puma-tx-3-vietnam-iid-919938423;2024-08-25 00:00:00;Jatimakmur;Bekasi Kab.
Puma caracal white;150000;https://olx.co.id/item/puma-caracal-white-iid-919939204;2024-08-25 00:00:00;Jatimakmur;Bekasi Kab.
Sepatu PUMA MAYZE Wanita;1100000;https://olx.co.id/item/sepatu-puma-mayze-wanita-iid-925227693;2024-08-25 00:00:00;Kebayoran Baru;Jakarta Selatan
Sandal anak Puma x Spongebob;350000;https://olx.co.id/item/sandal-anak-puma-x-spongebob-iid-916503075;2024-08-25 00:00:00;Bekasi Barat;Bekasi Kota
Puma TRC Blaze HC;1500000;https://olx.co.id/item/puma-trc-blaze-hc-iid-925225142;2024-08-25 00:00:00;Panyileukan;Bandung Kota
SEPATU PUMA SUEDE MAYU ORIGINAL SIZE 37,5;245000;https://olx.co.id/item/sepatu-puma-suede-mayu-original-size-375-iid-925224886;2024-08-25 00:00:00;Pondok Aren;Tangerang Selatan Kota
Sepatu Futsal Puma;225000;https://olx.co.id/item/sepatu-futsal-puma-iid-881361454;2024-08-25 00:00:00;Pondok Gede;Bekasi Kota
Sepatu Safety Merk Puma Original 100%;2099999;https://olx.co.id/item/sepatu-safety-merk-puma-original-100-iid-890649589;2024-08-25 00:00:00;Balikpapan Tengah;Balikpapan Kota
keds dan puma wanita;850000;https://olx.co.id/item/keds-dan-puma-wanita-iid-925219666;2024-08-25 00:00:00;Setu;Tangerang Selatan Kota
PUMA R System size 43;250000;https://olx.co.id/item/puma-r-system-size-43-iid-913195676;2024-08-25 00:00:00;Kramat Jati;Jakarta Timur
Puma Trinomic sze 40;350000;https://olx.co.id/item/puma-trinomic-sze-40-iid-923931502;2024-08-25 00:00:00;Pamulang;Tangerang Selatan Kota
Sepatu Running Puma Soft Foam;200000;https://olx.co.id/item/sepatu-running-puma-soft-foam-iid-925206896;2024-08-25 00:00:00;Jatiwarna;Bekasi Kota
Puma Women Storm Y Metallic;250000;https://olx.co.id/item/puma-women-storm-y-metallic-iid-923937940;2024-08-25 00:00:00;Pasar Rebo;Jakarta Timur
PUMA R698 SPLATTER;300000;https://olx.co.id/item/puma-r698-splatter-iid-920949445;2024-08-25 00:00:00;Pondok Melati;Bekasi Kota
Puma BMW Suede Lichtenstein, New, Original, Langka, Koleksi Gak Kepake;800000;https://olx.co.id/item/puma-bmw-suede-lichtenstein-new-original-langka-koleksi-gak-kepake-iid-925205768;2024-08-25 00:00:00;Cempaka Putih;Jakarta Pusat
Sepatu PUMA smash cat;500000;https://olx.co.id/item/sepatu-puma-smash-cat-iid-881285157;2024-08-25 00:00:00;Medan Petisah;Medan Kota
Sepatu Bola Puma Ultra Play size43 mulus;370000;https://olx.co.id/item/sepatu-bola-puma-ultra-play-size43-mulus-iid-925201073;2024-08-31 00:00:00;Sukodono;Sidoarjo  Kab.
Puma suede UK 43;250000;https://olx.co.id/item/puma-suede-uk-43-iid-925199855;2024-08-31 00:00:00;Batununggal;Bandung Kota
Sepatu Puma Smash V2;500000;https://olx.co.id/item/sepatu-puma-smash-v2-iid-925199597;2024-08-31 00:00:00;Wonosari;Klaten Kab.
Puma Roma Classic Marathon FC series;240000;https://olx.co.id/item/puma-roma-classic-marathon-fc-series-iid-925199367;2024-08-31 00:00:00;Tambaksari;Surabaya Kota
Puma ferrari black;380000;https://olx.co.id/item/puma-ferrari-black-iid-919703649;2024-08-31 00:00:00;Sumber Sari;Jember Kab.
Sepatu puma evolve;280000;https://olx.co.id/item/sepatu-puma-evolve-iid-925197237;2024-08-31 00:00:00;Legok;Tangerang Kab.
Puma Wire Knit original;200000;https://olx.co.id/item/puma-wire-knit-original-iid-925196943;2024-08-31 00:00:00;Bekasi Timur;Bekasi Kota
Jual sepatu sneakers puma smash V2 ORIGINAL AUTNTIC NO 41 BARU MURAH;550000;https://olx.co.id/item/jual-sepatu-sneakers-puma-smash-v2-original-autntic-no-41-baru-murah-iid-925196739;2024-08-31 00:00:00;Batu;Batu Kota
Puma x one piece colabs;1990000;https://olx.co.id/item/puma-x-one-piece-colabs-iid-925193110;2024-08-31 00:00:00;Jati Sampurna;Bekasi Kota
Puma Aviator ProFoam;700000;https://olx.co.id/item/puma-aviator-profoam-iid-911859199;2024-08-31 00:00:00;Mlati;Sleman Kab.
Sepatu Sneakers Puma Kulit logo Embos Original;230000;https://olx.co.id/item/sepatu-sneakers-puma-kulit-logo-embos-original-iid-925188710;2024-08-31 00:00:00;Simokerto;Surabaya Kota
Puma Suede Shoes Orange ukuran 42;350000;https://olx.co.id/item/puma-suede-shoes-orange-ukuran-42-iid-910887901;2024-08-31 00:00:00;Kelapa Dua;Tangerang Kab.
Sepatu puma ferrari original;400000;https://olx.co.id/item/sepatu-puma-ferrari-original-iid-875039367;2024-08-31 00:00:00;Buahbatu (Margacinta);Bandung Kota
Sepatu puma unisex;1299000;https://olx.co.id/item/sepatu-puma-unisex-iid-925181093;2024-08-31 00:00:00;Palmerah;Jakarta Barat
Sepatu second ori Puma Roma size 44,5 fit to 45 (29cm);365000;https://olx.co.id/item/sepatu-second-ori-puma-roma-size-445-fit-to-45-29cm-iid-925179294;2024-08-31 00:00:00;Jagakarsa;Jakarta Selatan
PUMA FUTURE RUNNER BLACK WHITE ORIGINAL;300000;https://olx.co.id/item/puma-future-runner-black-white-original-iid-910601053;2024-08-31 00:00:00;Gedebage;Bandung Kota
Sepatu Puma FUTURE MIRAGE TECH electro green 42;350000;https://olx.co.id/item/sepatu-puma-future-mirage-tech-electro-green-42-iid-922520951;2024-08-31 00:00:00;Wonokromo;Surabaya Kota
Puma X Vogue Suede;1000000;https://olx.co.id/item/puma-x-vogue-suede-iid-923892280;2024-08-31 00:00:00;Cempaka Putih;Jakarta Pusat
Sepatu puma original;675000;https://olx.co.id/item/sepatu-puma-original-iid-922403967;2024-08-31 00:00:00;Seminyak;Kab. Badung
Sepatu bola PUMA FUTURE Z 1.2 FG/AG ORIGINAL;800000;https://olx.co.id/item/sepatu-bola-puma-future-z-12-fgag-original-iid-918362942;2024-08-31 00:00:00;Medan Satria;Bekasi Kota
Puma ROMA size 41;150000;https://olx.co.id/item/puma-roma-size-41-iid-923869529;2024-08-31 00:00:00;Bandung Kidul;Bandung Kota
Sepatu anak Puma X Tom&jerry;140000;https://olx.co.id/item/sepatu-anak-puma-x-tomjerry-iid-907408981;2024-08-31 00:00:00;Pasar Minggu;Jakarta Selatan
PUMA URBAN Size 41;350000;https://olx.co.id/item/puma-urban-size-41-iid-921919699;2024-08-30 00:00:00;Serengan;Surakarta Kota
Sepatu Puma RS-Curve Bright Heigth’s;550000;https://olx.co.id/item/sepatu-puma-rs-curve-bright-heigths-iid-896061344;2024-08-30 00:00:00;Jatinegara;Jakarta Timur
Sepatu Puma mantra BNWB;850000;https://olx.co.id/item/sepatu-puma-mantra-bnwb-iid-901083018;2024-08-30 00:00:00;Rungkut;Surabaya Kota
Sepatu seken Puma;250000;https://olx.co.id/item/sepatu-seken-puma-iid-925155525;2024-08-30 00:00:00;Cilandak;Jakarta Selatan
Sepatu Seken Merek PUMA;120000;https://olx.co.id/item/sepatu-seken-merek-puma-iid-922437696;2024-08-30 00:00:00;Padang Timur;Padang Kota
Sepatu anak puma nike zara;249000;https://olx.co.id/item/sepatu-anak-puma-nike-zara-iid-914427255;2024-08-30 00:00:00;Arcamanik;Bandung Kota
Dijual Sepatu PUMA HYBRID Original 100% Like New;1000000;https://olx.co.id/item/dijual-sepatu-puma-hybrid-original-100-like-new-iid-925143408;2024-08-30 00:00:00;Buahbatu (Margacinta);Bandung Kota
Sepatu Puma  flyer lite mesh uk 42/41 normal;800000;https://olx.co.id/item/sepatu-puma-flyer-lite-mesh-uk-4241-normal-iid-925142447;2024-08-30 00:00:00;Kebayoran Baru;Jakarta Selatan
Sepatu Basket Puma Playmaker Core;750000;https://olx.co.id/item/sepatu-basket-puma-playmaker-core-iid-925140155;2024-08-30 00:00:00;Taman Sari;Jakarta Barat
Sepatu running puma reedem profoam original resmi;550000;https://olx.co.id/item/sepatu-running-puma-reedem-profoam-original-resmi-iid-923685802;2024-08-30 00:00:00;Cakung;Jakarta Timur
Sepatu Puma RS-X Whisper White Running Shoes;659000;https://olx.co.id/item/sepatu-puma-rs-x-whisper-white-running-shoes-iid-923650655;2024-08-30 00:00:00;Pamulang;Tangerang Selatan Kota
Sepatu Puma TRC MIRA SQ white Running Shoes;499000;https://olx.co.id/item/sepatu-puma-trc-mira-sq-white-running-shoes-iid-923733960;2024-08-30 00:00:00;Pamulang;Tangerang Selatan Kota
PUMA Rebound Lay Up Lo SL Sneakers pria New Original, White Bug Black;800000;https://olx.co.id/item/puma-rebound-lay-up-lo-sl-sneakers-pria-new-original-white-bug-black-iid-912564509;2024-08-30 00:00:00;Balikpapan Selatan;Balikpapan Kota
PUMA Rebound LayUpLoSL SneakersPria NewOriginal, White team Light Blue;800000;https://olx.co.id/item/puma-rebound-layuplosl-sneakerspria-neworiginal-white-team-light-blue-iid-912592797;2024-08-30 00:00:00;Balikpapan Selatan;Balikpapan Kota
Sepatu Puma Original. Berbagai ukuran.;1100000;https://olx.co.id/item/sepatu-puma-original-berbagai-ukuran-iid-921847517;2024-08-30 00:00:00;Cilandak;Jakarta Selatan
Sepatu Puma sekali pakai 42;400000;https://olx.co.id/item/sepatu-puma-sekali-pakai-42-iid-925133908;2024-08-30 00:00:00;Penjaringan;Jakarta Utara
Jual aja Sepatu Puma Mile Rider Size 40;800000;https://olx.co.id/item/jual-aja-sepatu-puma-mile-rider-size-40-iid-916599927;2024-08-30 00:00:00;Kelapa Dua;Tangerang Kab.
[New] Sepatu Bola Puma Original Harga Diskon Siap Pakai;400000;https://olx.co.id/item/new-sepatu-bola-puma-original-harga-diskon-siap-pakai-iid-914441183;2024-08-30 00:00:00;Pondok Aren;Tangerang Selatan Kota
Puma rebound street;220000;https://olx.co.id/item/puma-rebound-street-iid-915499126;2024-08-30 00:00:00;Pesanggrahan;Jakarta Selatan
sepatu puma 0riginal size 42 kotak lengkap;580000;https://olx.co.id/item/sepatu-puma-0riginal-size-42-kotak-lengkap-iid-922499735;2024-08-30 00:00:00;Medan Helvetia;Medan Kota
Jual Sepatu Puma Size 46 Jawa Timur Surabaya;499000;https://olx.co.id/item/jual-sepatu-puma-size-46-jawa-timur-surabaya-iid-925127462;2024-08-30 00:00:00;Krian;Sidoarjo  Kab.
Sepatu Puma NXT Pro Golf Ignite ORI ,bisa buat gol;850000;https://olx.co.id/item/sepatu-puma-nxt-pro-golf-ignite-ori-bisa-buat-gol-iid-920671851;2024-08-30 00:00:00;Sawangan;Depok Kota
Puma Running black;350000;https://olx.co.id/item/puma-running-black-iid-903625199;2024-08-30 00:00:00;Ciledug;Tangerang Kota
Sepatu second puma maestro original size 38;100000;https://olx.co.id/item/sepatu-second-puma-maestro-original-size-38-iid-923722653;2024-08-29 00:00:00;Graha;Surabaya Kota
SEPATU FUTSAL PUMA FUTURE 1.3 (Made Vietnam);470000;https://olx.co.id/item/sepatu-futsal-puma-future-13-made-vietnam-iid-925112173;2024-08-29 00:00:00;Banyumanik;Semarang Kota
sepatu puma suede;450000;https://olx.co.id/item/sepatu-puma-suede-iid-921557680;2024-08-29 00:00:00;Ilir Barat I;Palembang Kota
PUMA casual size 40.5 (26cm);300000;https://olx.co.id/item/puma-casual-size-405-26cm-iid-918400688;2024-08-29 00:00:00;Cilodong;Depok Kota
SEPATU PUMA, INSOLE 43, SESUAI FOTO BOSKUHHHH;335000;https://olx.co.id/item/sepatu-puma-insole-43-sesuai-foto-boskuhhhh-iid-925099051;2024-08-29 00:00:00;Medan Kota;Sumatra Utara
Sepatu Puma Pirelli;500000;https://olx.co.id/item/sepatu-puma-pirelli-iid-923730861;2024-08-29 00:00:00;Bogor Tengah - Kota;Bogor Kota
Sepatu Puma Fast 300 Second;120000;https://olx.co.id/item/sepatu-puma-fast-300-second-iid-918230297;2024-08-29 00:00:00;Kelapa Gading;Jakarta Utara
Sepatu sepedahan puma;225000;https://olx.co.id/item/sepatu-sepedahan-puma-iid-923161479;2024-08-29 00:00:00;Bumi Serpong Damai;Tangerang Selatan Kota
Sepatu Puma Rs x;170000;https://olx.co.id/item/sepatu-puma-rs-x-iid-913338799;2024-08-29 00:00:00;Kembangan;Jakarta Barat
Sepatu Puma   high;220000;https://olx.co.id/item/sepatu-puma-high-iid-920619754;2024-08-29 00:00:00;Kembangan;Jakarta Barat
Sepatu running Puma Interflex Modern grey;500000;https://olx.co.id/item/sepatu-running-puma-interflex-modern-grey-iid-923725552;2024-08-29 00:00:00;Tenggilis Mejoyo;Surabaya Kota
Sepatu Puma Twitch Runner black white;800000;https://olx.co.id/item/sepatu-puma-twitch-runner-black-white-iid-923725620;2024-08-29 00:00:00;Tenggilis Mejoyo;Surabaya Kota
Sepatu Puma X Stamp 'R698 Size 38;180000;https://olx.co.id/item/sepatu-puma-x-stamp-r698-size-38-iid-922364827;2024-08-29 00:00:00;Cinere;Depok Kota
PUMA Sepatu Lari Scend Pro Engineered;700000;https://olx.co.id/item/puma-sepatu-lari-scend-pro-engineered-iid-913715574;2024-08-29 00:00:00;Pajang;Surakarta Kota
Sepatu puma limited 42;150000;https://olx.co.id/item/sepatu-puma-limited-42-iid-913870914;2024-08-29 00:00:00;Pamulang;Tangerang Selatan Kota
Puma tech everfit+sf10;200000;https://olx.co.id/item/puma-tech-everfitsf10-iid-918375067;2024-08-29 00:00:00;Cibiru;Bandung Kota
Sepatu Puma Softfoam+ Disperse XT 3 Hyperwave;500000;https://olx.co.id/item/sepatu-puma-softfoam-disperse-xt-3-hyperwave-iid-925075794;2024-08-29 00:00:00;Cipondoh;Tangerang Kota
SEPATU RUNNING (PUMA FLYER LITE RUNNING);650000;https://olx.co.id/item/sepatu-running-puma-flyer-lite-running-iid-925074181;2024-08-28 00:00:00;Menteng;Jakarta Pusat
Sepatu Puma Size 42;250000;https://olx.co.id/item/sepatu-puma-size-42-iid-925073356;2024-08-28 00:00:00;Tegalrejo;Yogyakarta Kota
Jual murah Puma v2 white original UK.41 BNIB;499000;https://olx.co.id/item/jual-murah-puma-v2-white-original-uk41-bnib-iid-925073252;2024-08-28 00:00:00;Denpasar Selatan;Denpasar Kota
Sepatu Futsal Puma;400000;https://olx.co.id/item/sepatu-futsal-puma-iid-922286204;2024-08-28 00:00:00;Tanjung Priok;Jakarta Utara
Puma Mayze Re:Collection sneakers;750000;https://olx.co.id/item/puma-mayze-recollection-sneakers-iid-925068425;2024-08-28 00:00:00;Cinere;Depok Kota
Sepatu bola puma ultra sz42;500000;https://olx.co.id/item/sepatu-bola-puma-ultra-sz42-iid-925063461;2024-08-28 00:00:00;Ciledug;Tangerang Kota
puma MB 02 be you galaxy (RARE) limited edition;1600000;https://olx.co.id/item/puma-mb-02-be-you-galaxy-rare-limited-edition-iid-923604434;2024-08-28 00:00:00;Banjarsari;Surakarta Kota
SEPATU ANAK PUMA SIZE 34.5 (21 CM);650000;https://olx.co.id/item/sepatu-anak-puma-size-345-21-cm-iid-915775322;2024-08-28 00:00:00;Medan Area;Medan Kota
SEPATU SECOND PUMA RALPH SAMPSON;450000;https://olx.co.id/item/sepatu-second-puma-ralph-sampson-iid-925062384;2024-08-28 00:00:00;Labang;Bangkalan  Kab.
Sepatu puma no 41;400000;https://olx.co.id/item/sepatu-puma-no-41-iid-925061430;2024-08-28 00:00:00;Cileunyi;Bandung Kab.
Sepatu running puma interflex modern all black;550000;https://olx.co.id/item/sepatu-running-puma-interflex-modern-all-black-iid-923620298;2024-08-28 00:00:00;Benda;Tangerang Kota
Puma bmw size 43;500000;https://olx.co.id/item/puma-bmw-size-43-iid-922015442;2024-08-28 00:00:00;Sidoarjo;Sidoarjo  Kab.
Puma Suede brown;300000;https://olx.co.id/item/puma-suede-brown-iid-925059438;2024-08-28 00:00:00;Medan Satria;Bekasi Kota
Puma RS-X Efekt Reflective;600000;https://olx.co.id/item/puma-rs-x-efekt-reflective-iid-925059296;2024-08-28 00:00:00;Banjarmasin Selatan;Banjarmasin Kota
Preloved Sepatu Sneakers Pria Puma;300000;https://olx.co.id/item/preloved-sepatu-sneakers-pria-puma-iid-925057501;2024-08-28 00:00:00;Kramat Jati;Jakarta Timur
Puma Better Foam Legacy Ukuran 42 Full Black;849000;https://olx.co.id/item/puma-better-foam-legacy-ukuran-42-full-black-iid-925055524;2024-08-28 00:00:00;Pondok Aren;Tangerang Selatan Kota
PUMA shoes sepatu wanita;950000;https://olx.co.id/item/puma-shoes-sepatu-wanita-iid-920157220;2024-08-28 00:00:00;Citraland;Surabaya Kota
PUMA R22 New Original Running shoes;800000;https://olx.co.id/item/puma-r22-new-original-running-shoes-iid-912424668;2024-08-28 00:00:00;Balikpapan Selatan;Balikpapan Kota
sepatu puma ignite size 43;750000;https://olx.co.id/item/sepatu-puma-ignite-size-43-iid-925043593;2024-08-28 00:00:00;Ciledug;Tangerang Kota
Jual sepatu puma future original;500000;https://olx.co.id/item/jual-sepatu-puma-future-original-iid-909389334;2024-08-28 00:00:00;Simokerto;Surabaya Kota
sepatu puma whirlwind classic size 41;400000;https://olx.co.id/item/sepatu-puma-whirlwind-classic-size-41-iid-892675760;2024-08-28 00:00:00;Setia Budi;Jakarta Selatan
Sepatu puma hitam;425000;https://olx.co.id/item/sepatu-puma-hitam-iid-922166785;2024-08-28 00:00:00;Pagedangan;Tangerang Kab.
Sepatu Puma Biru;250000;https://olx.co.id/item/sepatu-puma-biru-iid-925042173;2024-08-28 00:00:00;Serpong Utara;Tangerang Selatan Kota
Sepatu Futsal Puma Ultra Play IT;450000;https://olx.co.id/item/sepatu-futsal-puma-ultra-play-it-iid-923483306;2024-08-28 00:00:00;Kemayoran;Jakarta Pusat
Puma Nrgy Driver Men Running Shoes Blue;400000;https://olx.co.id/item/puma-nrgy-driver-men-running-shoes-blue-iid-923632072;2024-08-28 00:00:00;Serengan;Surakarta Kota
Puma Nrgy Comet Women Running Shoes;375000;https://olx.co.id/item/puma-nrgy-comet-women-running-shoes-iid-923634160;2024-08-28 00:00:00;Serengan;Surakarta Kota
Sandal Puma Mulus Size 37 Harga Pas;175000;https://olx.co.id/item/sandal-puma-mulus-size-37-harga-pas-iid-922138128;2024-08-28 00:00:00;Duren Sawit;Jakarta Timur
Sepatu Futsal Puma Future Play IT;400000;https://olx.co.id/item/sepatu-futsal-puma-future-play-it-iid-923483322;2024-08-28 00:00:00;Kemayoran;Jakarta Pusat
Sepatu Bola Puma Ultra Play FG;450000;https://olx.co.id/item/sepatu-bola-puma-ultra-play-fg-iid-923483340;2024-08-28 00:00:00;Kemayoran;Jakarta Pusat
Sepatu Puma Relax Knit Slip On;385000;https://olx.co.id/item/sepatu-puma-relax-knit-slip-on-iid-923754298;2024-08-28 00:00:00;Kemayoran;Jakarta Pusat
Sepatu PUMA Relax Knit Slip On;350000;https://olx.co.id/item/sepatu-puma-relax-knit-slip-on-iid-919490952;2024-08-28 00:00:00;Pedurungan;Semarang Kota
Puma suede original;250000;https://olx.co.id/item/puma-suede-original-iid-923783705;2024-08-28 00:00:00;Cipayung;Depok Kota
Sepatu Puma Size 46 Surabaya Jawa Timur;399000;https://olx.co.id/item/sepatu-puma-size-46-surabaya-jawa-timur-iid-923782267;2024-08-28 00:00:00;Krian;Sidoarjo  Kab.
Sepatu Puma RBD Game Low Original New Size 47;700000;https://olx.co.id/item/sepatu-puma-rbd-game-low-original-new-size-47-iid-925035759;2024-08-28 00:00:00;Jatinegara;Jakarta Timur
Sepatu Puma navy orange;250000;https://olx.co.id/item/sepatu-puma-navy-orange-iid-925035701;2024-08-28 00:00:00;Balikpapan Utara;Balikpapan Kota
PUMA Sepatu Sneakers Smash Vulc Canvas;350000;https://olx.co.id/item/puma-sepatu-sneakers-smash-vulc-canvas-iid-925035142;2024-08-28 00:00:00;Baiturrahman;Banda Aceh Kota
Sepatu wanita puma hitam gold no 37baru 3xpakai kondisi masih 98 prsen;450000;https://olx.co.id/item/sepatu-wanita-puma-hitam-gold-no-37baru-3xpakai-kondisi-masih-98-prsen-iid-925029970;2024-08-27 00:00:00;Duren Sawit;Jakarta Timur
Puma wild rider original size 43;600000;https://olx.co.id/item/puma-wild-rider-original-size-43-iid-912892708;2024-08-27 00:00:00;Kedawung;Cirebon Kab.
PUMA SLIP STREAMS;625000;https://olx.co.id/item/puma-slip-streams-iid-925029487;2024-08-27 00:00:00;HR Muhammad;Surabaya Kota
sepatu puma original / puma night runner;350000;https://olx.co.id/item/sepatu-puma-original-puma-night-runner-iid-883764577;2024-08-27 00:00:00;Wiyung;Surabaya Kota
Jual sepatu puma jarang dipakai;400000;https://olx.co.id/item/jual-sepatu-puma-jarang-dipakai-iid-925024137;2024-08-27 00:00:00;Serpong;Tangerang Selatan Kota
Jual sepatu puma jarang dipakai;400000;https://olx.co.id/item/jual-sepatu-puma-jarang-dipakai-iid-925024081;2024-08-27 00:00:00;Gading Serpong;Tangerang Kota
Sepatu cowok puma original;650000;https://olx.co.id/item/sepatu-cowok-puma-original-iid-925022783;2024-08-27 00:00:00;Kawunganten;Cilacap Kab.
Sepatu Black Puma, size 42, kondisi 90%;365000;https://olx.co.id/item/sepatu-black-puma-size-42-kondisi-90-iid-919481058;2024-08-27 00:00:00;Cakung;Jakarta Timur
Puma ferrari black;300000;https://olx.co.id/item/puma-ferrari-black-iid-925014440;2024-08-27 00:00:00;Palmerah;Jakarta Barat
Sepatu Futsal Puma Truco III;550000;https://olx.co.id/item/sepatu-futsal-puma-truco-iii-iid-925008689;2024-08-27 00:00:00;Kebayoran Lama;Jakarta Selatan
Sepatu Futsal Puma Truco III;550000;https://olx.co.id/item/sepatu-futsal-puma-truco-iii-iid-925008569;2024-08-27 00:00:00;Kebayoran Lama;Jakarta Selatan
Puma NRGY Comet Original 2024;600000;https://olx.co.id/item/puma-nrgy-comet-original-2024-iid-923406251;2024-08-27 00:00:00;Pancoran Mas;Depok Kota
Puma Suede Red Kids;400000;https://olx.co.id/item/puma-suede-red-kids-iid-898809093;2024-08-27 00:00:00;Tambun Selatan;Bekasi Kab.
SEPATU SEPAK BOLA ANAK PUMA UK 32;150000;https://olx.co.id/item/sepatu-sepak-bola-anak-puma-uk-32-iid-925006362;2024-08-27 00:00:00;Mulyorejo;Surabaya Kota
42 - Sepatu Puma Bekas Second Puma Suede Splatter Metallic Bekas;329000;https://olx.co.id/item/42-sepatu-puma-bekas-second-puma-suede-splatter-metallic-bekas-iid-925006044;2024-08-27 00:00:00;Pesanggrahan;Jakarta Selatan
SEPATU FUTSAL ANAK PUMA FUTURE UK 29;250000;https://olx.co.id/item/sepatu-futsal-anak-puma-future-uk-29-iid-925005937;2024-08-27 00:00:00;Gubeng;Surabaya Kota
40 - Sepatu Puma Bekas Second Puma Smash v2 Vulc White Black Bekas;299000;https://olx.co.id/item/40-sepatu-puma-bekas-second-puma-smash-v2-vulc-white-black-bekas-iid-925005607;2024-08-27 00:00:00;Pesanggrahan;Jakarta Selatan
Sepatu Running Puma;850000;https://olx.co.id/item/sepatu-running-puma-iid-925005363;2024-08-27 00:00:00;Gambir;Jakarta Pusat
Sepatu puma muse x-2 metallic;300000;https://olx.co.id/item/sepatu-puma-muse-x-2-metallic-iid-922223415;2024-08-27 00:00:00;Jaten;Karanganyar Kab.
Jual Sepatu PUMA LQDCELL White Blue;1500000;https://olx.co.id/item/jual-sepatu-puma-lqdcell-white-blue-iid-922480163;2024-08-27 00:00:00;Grogol Petamburan;Jakarta Barat
Puma Slipstream ArchiveRemastered White VINE;900000;https://olx.co.id/item/puma-slipstream-archiveremastered-white-vine-iid-925001276;2024-08-27 00:00:00;Kebayoran Baru;Jakarta Selatan
Sepatu Sneakers Puma Slipstream Bball Original, Size 43, 393266-02;1000000;https://olx.co.id/item/sepatu-sneakers-puma-slipstream-bball-original-size-43-393266-02-iid-915116117;2024-08-27 00:00:00;Pekalipan;Cirebon Kota
Original second Sepatu Bola Puma Ultra;1570350;https://olx.co.id/item/original-second-sepatu-bola-puma-ultra-iid-914831306;2024-08-27 00:00:00;Banjarmasin Selatan;Banjarmasin Kota
Sepatu Puma Size 43 Original;425000;https://olx.co.id/item/sepatu-puma-size-43-original-iid-924998333;2024-08-27 00:00:00;Banjarsari;Surakarta Kota
Menjual sepatu puma bmw;250000;https://olx.co.id/item/menjual-sepatu-puma-bmw-iid-916940622;2024-08-27 00:00:00;Mulyorejo;Surabaya Kota
PUMA sepatu Trainer Smash Vulc Canvas 38;300000;https://olx.co.id/item/puma-sepatu-trainer-smash-vulc-canvas-38-iid-919089706;2024-08-27 00:00:00;Ciledug;Tangerang Kota
Puma runing fullblack;250000;https://olx.co.id/item/puma-runing-fullblack-iid-923657286;2024-08-27 00:00:00;Ngasem;Kediri  Kab.
Sepatu golf PUMA USA size 45;225000;https://olx.co.id/item/sepatu-golf-puma-usa-size-45-iid-924995429;2024-08-26 00:00:00;Bogor Timur - Kota;Bogor Kota
Puma Deviate Nitro Elite 2 (26cm);1850000;https://olx.co.id/item/puma-deviate-nitro-elite-2-26cm-iid-924993335;2024-08-26 00:00:00;Senen;Jakarta Pusat
Sepatu Puma 2023 size 42;850000;https://olx.co.id/item/sepatu-puma-2023-size-42-iid-888922764;2024-08-26 00:00:00;Pulo Gadung;Jakarta Timur
Sepatu puma second;250000;https://olx.co.id/item/sepatu-puma-second-iid-924990512;2024-08-26 00:00:00;Pesanggrahan;Jakarta Selatan
Sepatu bola puma king platinum;800000;https://olx.co.id/item/sepatu-bola-puma-king-platinum-iid-920110821;2024-08-26 00:00:00;Kebayoran Lama;Jakarta Selatan
Sepatu puma high;450000;https://olx.co.id/item/sepatu-puma-high-iid-924985093;2024-08-26 00:00:00;Taman Sari;Jakarta Barat
Sepatu puma original new size 42.5;400000;https://olx.co.id/item/sepatu-puma-original-new-size-425-iid-921106236;2024-08-26 00:00:00;Ilir Barat I;Palembang Kota
Sepatu puma slip on;625000;https://olx.co.id/item/sepatu-puma-slip-on-iid-924980784;2024-08-26 00:00:00;Genteng;Surabaya Kota
Puma Thunder Spectra Original;500000;https://olx.co.id/item/puma-thunder-spectra-original-iid-922365510;2024-08-26 00:00:00;Rawalumbu;Bekasi Kota
Second like new! Sepatu rawatan! PUMA ORI 100%;350000;https://olx.co.id/item/second-like-new-sepatu-rawatan-puma-ori-100-iid-924975059;2024-08-26 00:00:00;Koja;Jakarta Utara
PUMA RS-Curve Aura Women's Trainers - Pink - Wanita Sneakers;650000;https://olx.co.id/item/puma-rs-curve-aura-womens-trainers-pink-wanita-sneakers-iid-924971205;2024-08-26 00:00:00;Bekasi Timur;Bekasi Kota
Sepatu PUMA RS-X 3D;1000000;https://olx.co.id/item/sepatu-puma-rs-x-3d-iid-917512845;2024-08-26 00:00:00;Bekasi Barat;Bekasi Kota
sepatu running puma wanita size 37;400000;https://olx.co.id/item/sepatu-running-puma-wanita-size-37-iid-921972875;2024-08-26 00:00:00;Ciawi;Bogor Kab.
Sepatu Pria Puma Rebound Lay Up Lo SL;550000;https://olx.co.id/item/sepatu-pria-puma-rebound-lay-up-lo-sl-iid-924961930;2024-08-26 00:00:00;Mayjen Sungkono;Surabaya Kota
Puma X Fenty Rihanna Pointy Creeper Patent 36627002 universal all year;3469000;https://olx.co.id/item/puma-x-fenty-rihanna-pointy-creeper-patent-36627002-universal-all-year-iid-920267370;2024-08-26 00:00:00;Ujung Berung;Bandung Kota
Sepatu Sneakers Puma Turino FSL, Original, White/Gum. Size 43;700000;https://olx.co.id/item/sepatu-sneakers-puma-turino-fsl-original-whitegum-size-43-iid-912382351;2024-08-26 00:00:00;Pekalipan;Cirebon Kota
sepatu futsal puma truco III original;400000;https://olx.co.id/item/sepatu-futsal-puma-truco-iii-original-iid-924954545;2024-08-26 00:00:00;Pesanggrahan;Jakarta Selatan
Puma Roma Black Blue Size 43;200000;https://olx.co.id/item/puma-roma-black-blue-size-43-iid-921324336;2024-08-26 00:00:00;Tarumajaya;Bekasi Kab.
Sepatu puma original size 38,5cm putih;500000;https://olx.co.id/item/sepatu-puma-original-size-385cm-putih-iid-915782977;2024-08-25 00:00:00;Penjaringan;Jakarta Utara
Sepatu puma brand new in box.;500000;https://olx.co.id/item/sepatu-puma-brand-new-in-box-iid-924953708;2024-08-25 00:00:00;Tebet;Jakarta Selatan
Sepatu Puma original;150000;https://olx.co.id/item/sepatu-puma-original-iid-865988281;2024-08-25 00:00:00;Ngaglik;Sleman Kab.
Sepatu Puma Street Rider Haribo Unisex Original No 39_40;450000;https://olx.co.id/item/sepatu-puma-street-rider-haribo-unisex-original-no-39-40-iid-919396769;2024-08-25 00:00:00;Leuwiliang;Bogor Kab.
Sepatu Puma Original ukuran 40;250000;https://olx.co.id/item/sepatu-puma-original-ukuran-40-iid-924944311;2024-08-25 00:00:00;Pademangan;Jakarta Utara
Puma Sky Wedge Size 38.5;275000;https://olx.co.id/item/puma-sky-wedge-size-385-iid-920687323;2024-08-25 00:00:00;Ciracas;Jakarta Timur
Sepatu Futsal Puma Future  5.3 Netfit IT;500000;https://olx.co.id/item/sepatu-futsal-puma-future-53-netfit-it-iid-923485505;2024-08-25 00:00:00;Gunung Sindur;Bogor Kab.
Puma Suede Skate;800000;https://olx.co.id/item/puma-suede-skate-iid-900926217;2024-08-25 00:00:00;Lowokwaru;Malang Kota
Puma RS-X³ PUZZLE;800000;https://olx.co.id/item/puma-rs-x-puzzle-iid-900926671;2024-08-25 00:00:00;Lowokwaru;Malang Kota
Puma Clyde Sock Lo Diamond;750000;https://olx.co.id/item/puma-clyde-sock-lo-diamond-iid-900927605;2024-08-25 00:00:00;Lowokwaru;Malang Kota
Jual Sepatu Puma Original;230000;https://olx.co.id/item/jual-sepatu-puma-original-iid-922269427;2024-08-25 00:00:00;Karawang Barat;Karawang Kab.
Jual sepatu lari puma fly runner flex BARU ORIGINAL AUTHENTIC no 42;550000;https://olx.co.id/item/jual-sepatu-lari-puma-fly-runner-flex-baru-original-authentic-no-42-iid-924940228;2024-08-25 00:00:00;Batu;Batu Kota
Puma Suede Smash V2 mid;450000;https://olx.co.id/item/puma-suede-smash-v2-mid-iid-915073507;2024-08-25 00:00:00;Bogor Barat - Kota;Bogor Kota
Sepatu puma kidz original;300000;https://olx.co.id/item/sepatu-puma-kidz-original-iid-924938603;2024-08-25 00:00:00;Andir;Bandung Kota
PUMA SUEDE UK 39 HARGA NET;200000;https://olx.co.id/item/puma-suede-uk-39-harga-net-iid-875278611;2024-08-25 00:00:00;Bekasi Timur;Bekasi Kota
Puma ferrari putih ganteng;550000;https://olx.co.id/item/puma-ferrari-putih-ganteng-iid-920229743;2024-08-25 00:00:00;Pesanggrahan;Jakarta Selatan
Sepatu Futsal PUMA Ultra match IT;400000;https://olx.co.id/item/sepatu-futsal-puma-ultra-match-it-iid-924933746;2024-08-25 00:00:00;Landasan Ulin;Banjarbaru Kota
Puma Pumpfit RS-X Original;200000;https://olx.co.id/item/puma-pumpfit-rs-x-original-iid-924931812;2024-08-25 00:00:00;Tanah Abang;Jakarta Pusat
Puma Suede natural;300000;https://olx.co.id/item/puma-suede-natural-iid-916935362;2024-08-25 00:00:00;Astana Anyar;Bandung Kota
Puma Roma og nylon;300000;https://olx.co.id/item/puma-roma-og-nylon-iid-916935636;2024-08-25 00:00:00;Astana Anyar;Bandung Kota
Puma RS-Fast Limiter Size 42;1000000;https://olx.co.id/item/puma-rs-fast-limiter-size-42-iid-919123246;2024-08-25 00:00:00;Wonocolo;Surabaya Kota
Sepatu Bola Puma Ultra Play FG/AG size43;420000;https://olx.co.id/item/sepatu-bola-puma-ultra-play-fgag-size43-iid-924929443;2024-08-25 00:00:00;Wonokromo;Surabaya Kota
SEPATU BOLA/ MINISOCCORE MEREK PUMA;400000;https://olx.co.id/item/sepatu-bola-minisoccore-merek-puma-iid-923498624;2024-08-25 00:00:00;Serpong Utara;Tangerang Selatan Kota
Puma sepatu pria;420000;https://olx.co.id/item/puma-sepatu-pria-iid-906427127;2024-08-25 00:00:00;Bekasi Kota;Jawa Barat
Puma Casual Size 42;250000;https://olx.co.id/item/puma-casual-size-42-iid-924925857;2024-08-25 00:00:00;Ilir Timur I;Palembang Kota
Puma size 42 original;150000;https://olx.co.id/item/puma-size-42-original-iid-922244569;2024-08-25 00:00:00;Medan Satria;Bekasi Kota
sepatu puma koleksi pribadi;150000;https://olx.co.id/item/sepatu-puma-koleksi-pribadi-iid-920899442;2024-08-25 00:00:00;Sawangan;Depok Kota
Puma RS-X versi MTV,limited edition...warna white kombinasi hijau;1750000;https://olx.co.id/item/puma-rs-x-versi-mtvlimited-editionwarna-white-kombinasi-hijau-iid-785581497;2024-08-25 00:00:00;Medan Maimun;Medan Kota
Sepatu Anak Puma Ferrari Original Preloved;75000;https://olx.co.id/item/sepatu-anak-puma-ferrari-original-preloved-iid-871091403;2024-08-25 00:00:00;Medan Perjuangan;Medan Kota
PUMA SUEDE MAYU WOMENS SNEAKERS BLACK  PRODUCT CODE : PMA 380686 - 02;249900;https://olx.co.id/item/puma-suede-mayu-womens-sneakers-black-product-code-pma-380686-02-iid-923210700;2024-08-25 00:00:00;Pondok Aren;Tangerang Selatan Kota
PUMA ELECTRON E Pro;500000;https://olx.co.id/item/puma-electron-e-pro-iid-917563812;2024-08-25 00:00:00;Periuk;Tangerang Kota
Sepatu puma soft foam;100000;https://olx.co.id/item/sepatu-puma-soft-foam-iid-917234349;2024-08-25 00:00:00;Kebayoran Baru;Jakarta Selatan
Puma Flyer Flex Navy Men Running Shoes Navy;400000;https://olx.co.id/item/puma-flyer-flex-navy-men-running-shoes-navy-iid-923634278;2024-08-25 00:00:00;Serengan;Surakarta Kota
Sepatu puma ukuran 42 sesuai gambar 350rb nego;350000;https://olx.co.id/item/sepatu-puma-ukuran-42-sesuai-gambar-350rb-nego-iid-912914368;2024-08-24 00:00:00;Setia Budi;Jakarta Selatan
SEPATU PUMA SECOND;400000;https://olx.co.id/item/sepatu-puma-second-iid-924909368;2024-08-24 00:00:00;Palmerah;Jakarta Barat
Puma Aril Blaze Trainer;380000;https://olx.co.id/item/puma-aril-blaze-trainer-iid-917854227;2024-08-24 00:00:00;Menteng;Jakarta Pusat
PUMA Jada Renew Romance Women Sneaker;820000;https://olx.co.id/item/puma-jada-renew-romance-women-sneaker-iid-923396692;2024-08-24 00:00:00;Banguntapan;Bantul Kab.
Sneakers Puma Thunder Electric size 40, Mens;350000;https://olx.co.id/item/sneakers-puma-thunder-electric-size-40-mens-iid-921726392;2024-08-24 00:00:00;Bumi Serpong Damai;Tangerang Selatan Kota
Sepatu sneakers puma;350000;https://olx.co.id/item/sepatu-sneakers-puma-iid-924895577;2024-08-24 00:00:00;Kebayoran Lama;Jakarta Selatan
Puma Women Cali Sport WH Sneakers - Size EUR 37.5 (23.5cm) NETT;375000;https://olx.co.id/item/puma-women-cali-sport-wh-sneakers-size-eur-375-235cm-nett-iid-863448506;2024-08-24 00:00:00;Cilandak;Jakarta Selatan
Sepatu Puma All Day Active;450000;https://olx.co.id/item/sepatu-puma-all-day-active-iid-924884495;2024-08-24 00:00:00;Kemayoran;Jakarta Pusat
Sepatu Puma Basket;200000;https://olx.co.id/item/sepatu-puma-basket-iid-923602447;2024-08-24 00:00:00;Nusa Dua;Kab. Badung
Sepatu Puma CA Pro Glitch Original;600000;https://olx.co.id/item/sepatu-puma-ca-pro-glitch-original-iid-912617731;2024-08-24 00:00:00;Medan Area;Medan Kota
Jual sepatu murah puma;220000;https://olx.co.id/item/jual-sepatu-murah-puma-iid-923505229;2024-08-24 00:00:00;Jagakarsa;Jakarta Selatan
Sepatu futsal nike zoom vapor 15 & puma sepakbola ori;1150000;https://olx.co.id/item/sepatu-futsal-nike-zoom-vapor-15-puma-sepakbola-ori-iid-917111602;2024-08-24 00:00:00;Kemayoran;Jakarta Pusat
Sepatu puma lengkap dengan box;500000;https://olx.co.id/item/sepatu-puma-lengkap-dengan-box-iid-924876477;2024-08-24 00:00:00;Lubuk Linggau Selatan Dua (II);Lubuklinggau Kota
Sepatu  Puma Triple Black Size 39;250000;https://olx.co.id/item/sepatu-puma-triple-black-size-39-iid-918229598;2024-08-24 00:00:00;Cinere;Depok Kota
Sepatu olahraga puma;500000;https://olx.co.id/item/sepatu-olahraga-puma-iid-921451906;2024-08-24 00:00:00;Gedong Tengen;Yogyakarta Kota
Puma SOFTRIDE Archer 391517 Sneakers;1100000;https://olx.co.id/item/puma-softride-archer-391517-sneakers-iid-916265534;2024-08-24 00:00:00;Cakung;Jakarta Timur
Puma Relax Knit Slip On Running Shoes - Black;490000;https://olx.co.id/item/puma-relax-knit-slip-on-running-shoes-black-iid-916267803;2024-08-24 00:00:00;Cakung;Jakarta Timur
Puma x One Piece Suede 3 Luffy Version;2250000;https://olx.co.id/item/puma-x-one-piece-suede-3-luffy-version-iid-919215318;2024-08-24 00:00:00;Sidoarjo;Sidoarjo  Kab.
"Sepatu Puma Ferrari SF Drift Cat 7
Red Leather Rosso Corsa Original";745000;https://olx.co.id/item/sepatu-puma-ferrari-sf-drift-cat-7-red-leather-rosso-corsa-original-iid-788623812;2024-08-24 00:00:00;Grogol Petamburan;Jakarta Barat
Sepatu Puma Original;285000;https://olx.co.id/item/sepatu-puma-original-iid-923480413;2024-08-23 00:00:00;Balikpapan Timur;Balikpapan Kota
Sepatu Puma Haunted Size 39 - Sepatu Skateboard;450000;https://olx.co.id/item/sepatu-puma-haunted-size-39-sepatu-skateboard-iid-924870698;2024-08-23 00:00:00;Kembangan;Jakarta Barat
Sepatu bola Puma king;150000;https://olx.co.id/item/sepatu-bola-puma-king-iid-924869717;2024-08-23 00:00:00;Gemolong;Sragen Kab.
Puma rs x 40 th anniversary;900000;https://olx.co.id/item/puma-rs-x-40-th-anniversary-iid-924869398;2024-08-23 00:00:00;Magelang Tengah;Magelang Kota
Puma Flyer Flex;255000;https://olx.co.id/item/puma-flyer-flex-iid-924865481;2024-08-23 00:00:00;Cilincing;Jakarta Utara
sepatu bola puma king platinum vegan;775000;https://olx.co.id/item/sepatu-bola-puma-king-platinum-vegan-iid-923488888;2024-08-23 00:00:00;Kalasan;Sleman Kab.
Puma Caven Mid 2.0;550000;https://olx.co.id/item/puma-caven-mid-20-iid-924219863;2024-08-23 00:00:00;Margahayu;Bandung Kab.
Puma ori retail ukuran 45, baru sekali pake, 500 net;500000;https://olx.co.id/item/puma-ori-retail-ukuran-45-baru-sekali-pake-500-net-iid-924856370;2024-08-23 00:00:00;Ciputat Timur;Tangerang Selatan Kota
ORI 100% jual sepatu basket puma MB.02 Supernova size 46;800000;https://olx.co.id/item/ori-100-jual-sepatu-basket-puma-mb02-supernova-size-46-iid-924852733;2024-08-23 00:00:00;Pondok Gede;Bekasi Kota
PUMA FLYER RUNNER MESH;499000;https://olx.co.id/item/puma-flyer-runner-mesh-iid-924851286;2024-08-23 00:00:00;Pancoran;Jakarta Selatan
PUMA FLYER RUNNER MESH;499000;https://olx.co.id/item/puma-flyer-runner-mesh-iid-924849126;2024-08-23 00:00:00;Ciracas;Jakarta Timur
Sepatu Puma hitam;175000;https://olx.co.id/item/sepatu-puma-hitam-iid-924848463;2024-08-23 00:00:00;Antapani (Cicadas);Bandung Kota
Sepatu puma softride premier;550000;https://olx.co.id/item/sepatu-puma-softride-premier-iid-919179101;2024-08-23 00:00:00;Larangan;Tangerang Kota
jual preloved42 merk puma;450000;https://olx.co.id/item/jual-preloved42-merk-puma-iid-918793372;2024-08-23 00:00:00;Kebon Jeruk;Jakarta Barat
Puma plastic warna warni second original keren size 43;700000;https://olx.co.id/item/puma-plastic-warna-warni-second-original-keren-size-43-iid-924841602;2024-08-23 00:00:00;Karang Tengah;Tangerang Kota
Sepatu/Sneakers Pria Puma Original Putih;295000;https://olx.co.id/item/sepatusneakers-pria-puma-original-putih-iid-924840064;2024-08-23 00:00:00;Tanjung Duren;Jakarta Barat
Sepatu puma size 44;130000;https://olx.co.id/item/sepatu-puma-size-44-iid-923568989;2024-08-23 00:00:00;Cimanggis;Depok Kota
PUMA Suede Classic XXI;750000;https://olx.co.id/item/puma-suede-classic-xxi-iid-924838174;2024-08-23 00:00:00;Grogol Petamburan;Jakarta Barat
Sepatu Puma CA Pro P University Trainer sz 40,5-41 Ori;300000;https://olx.co.id/item/sepatu-puma-ca-pro-p-university-trainer-sz-405-41-ori-iid-922280869;2024-08-23 00:00:00;Cilodong;Depok Kota
PUMA suede BNIB;600000;https://olx.co.id/item/puma-suede-bnib-iid-804175574;2024-08-23 00:00:00;Koja;Jakarta Utara
Original Puma Suede Shoes X Batman;3000000;https://olx.co.id/item/original-puma-suede-shoes-x-batman-iid-911401453;2024-08-23 00:00:00;Pondok Aren;Tangerang Selatan Kota
Puma retaliate block - puma black;399000;https://olx.co.id/item/puma-retaliate-block-puma-black-iid-920718305;2024-08-23 00:00:00;Parung;Bogor Kab.
Sepatu bola Puma Future Netfit Orange academy;400000;https://olx.co.id/item/sepatu-bola-puma-future-netfit-orange-academy-iid-913106914;2024-08-23 00:00:00;Semarang Utara;Semarang Kota
Sepatu bola puma tacto II fg/ag;400000;https://olx.co.id/item/sepatu-bola-puma-tacto-ii-fgag-iid-902741754;2024-08-23 00:00:00;Semarang Utara;Semarang Kota
Sepatu bola Puma Ultra 4.4 academy;450000;https://olx.co.id/item/sepatu-bola-puma-ultra-44-academy-iid-913108485;2024-08-23 00:00:00;Semarang Utara;Semarang Kota
Sepatu Basket Bekas Puma;750000;https://olx.co.id/item/sepatu-basket-bekas-puma-iid-921295720;2024-08-22 00:00:00;Bandung Kulon;Bandung Kota
Sepatu Puma kulit ori sz 44;200000;https://olx.co.id/item/sepatu-puma-kulit-ori-sz-44-iid-916134708;2024-08-22 00:00:00;Kalideres;Jakarta Barat
Turun harga - Sepatu puma insole 27,5cm;900000;https://olx.co.id/item/turun-harga-sepatu-puma-insole-275cm-iid-922393976;2024-08-22 00:00:00;Taman Sari;Jakarta Barat
Puma x Les Benjamins : Cell Alien;1100000;https://olx.co.id/item/puma-x-les-benjamins-cell-alien-iid-867200630;2024-08-22 00:00:00;Bogor Barat - Kota;Bogor Kota
PUMA SLIP ON (LILAC, SIZE 39);650000;https://olx.co.id/item/puma-slip-on-lilac-size-39-iid-924825484;2024-08-22 00:00:00;Dukuh Pakis;Surabaya Kota
SEPATU PUMA CASUAL;170000;https://olx.co.id/item/sepatu-puma-casual-iid-924824677;2024-08-22 00:00:00;Patrang;Jember Kab.
Fs Puma rider fv pikachu Ori;750000;https://olx.co.id/item/fs-puma-rider-fv-pikachu-ori-iid-920273226;2024-08-22 00:00:00;Pamulang;Tangerang Selatan Kota
Sepatu Running Puma FTR Connect Sz 45;300000;https://olx.co.id/item/sepatu-running-puma-ftr-connect-sz-45-iid-924817090;2024-08-22 00:00:00;Pancoran Mas;Depok Kota
SEPATU PUMA ULTRA ULTIMATE ELITE CAGE TURF;1000000;https://olx.co.id/item/sepatu-puma-ultra-ultimate-elite-cage-turf-iid-917552740;2024-08-22 00:00:00;Lueng Bata;Banda Aceh Kota
Sepatu Futsal Puma;100000;https://olx.co.id/item/sepatu-futsal-puma-iid-924816266;2024-08-22 00:00:00;Bekasi Timur;Bekasi Kota
Sepatu futsal puma ultra;300000;https://olx.co.id/item/sepatu-futsal-puma-ultra-iid-924805004;2024-08-22 00:00:00;Langkapura;Bandar Lampung Kota
Sepatu Puma Anak;225000;https://olx.co.id/item/sepatu-puma-anak-iid-924799624;2024-08-22 00:00:00;Pondok Aren;Tangerang Selatan Kota
Puma suede hitam;220000;https://olx.co.id/item/puma-suede-hitam-iid-910528556;2024-08-22 00:00:00;Sumur Bandung;Bandung Kota
Sepatu puma running original;750000;https://olx.co.id/item/sepatu-puma-running-original-iid-923516819;2024-08-22 00:00:00;Cibinong;Bogor Kab.
SEPATU PUMA BLACK WHITE;1100000;https://olx.co.id/item/sepatu-puma-black-white-iid-924797557;2024-08-22 00:00:00;Medan Tembung;Medan Kota
Sepatu Puma Pacer Future Street;600000;https://olx.co.id/item/sepatu-puma-pacer-future-street-iid-921986980;2024-08-22 00:00:00;Ngamprah;Bandung Barat Kab.
Sepatu Puma Ceetah original second;200000;https://olx.co.id/item/sepatu-puma-ceetah-original-second-iid-924791353;2024-08-22 00:00:00;Pamulang;Tangerang Selatan Kota
Sepatu Sneakers Pria PUMA SUEDE CLASSIC XXI 37491504 ORIGINAL SECOND;250000;https://olx.co.id/item/sepatu-sneakers-pria-puma-suede-classic-xxi-37491504-original-second-iid-924791268;2024-08-22 00:00:00;Pamulang;Tangerang Selatan Kota
Puma Nrgy Comet Men Running Shoes Blue Yellow;375000;https://olx.co.id/item/puma-nrgy-comet-men-running-shoes-blue-yellow-iid-923506564;2024-08-22 00:00:00;Serengan;Surakarta Kota
Puma Nrgy Driver Men Running Shoes Red;400000;https://olx.co.id/item/puma-nrgy-driver-men-running-shoes-red-iid-923506616;2024-08-22 00:00:00;Serengan;Surakarta Kota
For Sale Puma SF Selezione Rosso Corsa, Size EU 43 Brand New In Box;900000;https://olx.co.id/item/for-sale-puma-sf-selezione-rosso-corsa-size-eu-43-brand-new-in-box-iid-836347259;2024-08-22 00:00:00;Pasar Minggu;Jakarta Selatan
Sepatu sport merk puma harga terjangkau bisa nego ukuran 43/44;230000;https://olx.co.id/item/sepatu-sport-merk-puma-harga-terjangkau-bisa-nego-ukuran-4344-iid-922135840;2024-08-22 00:00:00;Matraman;Jakarta Timur
Sepatu Puma Smash V2L;670000;https://olx.co.id/item/sepatu-puma-smash-v2l-iid-916031839;2024-08-22 00:00:00;Kebayoran Baru;Jakarta Selatan
SEPATU SEPAK BOLA PUMA ULTRA;250000;https://olx.co.id/item/sepatu-sepak-bola-puma-ultra-iid-903197409;2024-08-22 00:00:00;Jagakarsa;Jakarta Selatan
PUMA NRGY NEKO ENGINEER KNIT ORIGINAL (191097 20);450000;https://olx.co.id/item/puma-nrgy-neko-engineer-knit-original-191097-20-iid-837443198;2024-08-22 00:00:00;Cilincing;Jakarta Utara
PUMA SMASH V2 MID;180000;https://olx.co.id/item/puma-smash-v2-mid-iid-921132662;2024-08-22 00:00:00;Tebet;Jakarta Selatan
Sneaker puma original putih 41;900000;https://olx.co.id/item/sneaker-puma-original-putih-41-iid-918734619;2024-08-21 00:00:00;Baiturrahman;Banda Aceh Kota
Puma Basket Classic XXI second;200000;https://olx.co.id/item/puma-basket-classic-xxi-second-iid-898281815;2024-08-21 00:00:00;Tembalang;Semarang Kota
Sepatu Puma Suede Biru Blue ORIGINAL Size 41  | 26,5cm;450000;https://olx.co.id/item/sepatu-puma-suede-biru-blue-original-size-41-265cm-iid-897639112;2024-08-21 00:00:00;Pesanggrahan;Jakarta Selatan
PUMA X-Ray New Original Sepatu Sneakers, White-Gray Violet;700000;https://olx.co.id/item/puma-x-ray-new-original-sepatu-sneakers-white-gray-violet-iid-912134999;2024-08-21 00:00:00;Balikpapan Selatan;Balikpapan Kota
Puma Rs³-x super;650000;https://olx.co.id/item/puma-rs-x-super-iid-924777686;2024-08-21 00:00:00;Medan Satria;Bekasi Kota
Sepatu sepak bola puma original;700000;https://olx.co.id/item/sepatu-sepak-bola-puma-original-iid-924777507;2024-08-21 00:00:00;Bekasi Jaya;Bekasi Kab.
PUMA Slipstream Xtreme (ORIGINAL) - Ex Foot Locker, Grand Indonesia;1000000;https://olx.co.id/item/puma-slipstream-xtreme-original-ex-foot-locker-grand-indonesia-iid-923413747;2024-08-21 00:00:00;Cileungsi;Bogor Kab.
